,id,name,city,rating,rating_count,cost,cuisine,lic_no,link,address,menu
0,567335,AB FOODS POINT,Abohar,--,Too Few Ratings,₹ 200,"Beverages,Pizzas",22122652000138,https://www.swiggy.com/restaurants/ab-foods-point-central-abohar-abohar-567335,"AB FOODS POINT, NEAR RISHI NARANG DENTAL CLINIC , NEAR IDBI BANK, ABOHAR",Menu/567335.json
1,531342,Janta Sweet House,Abohar,4.4,50+ ratings,₹ 200,"Sweets,Bakery",12117201000112,https://www.swiggy.com/restaurants/janta-sweet-house-central-abohar-abohar-531342,"Janta Sweet House, Bazar No.9, Circullar Road, Abohar",Menu/531342.json
2,158203,theka coffee desi,Abohar,3.8,100+ ratings,₹ 100,Beverages,22121652000190,https://www.swiggy.com/restaurants/theka-coffee-desi-central-raipura-abohar-158203,"theka coffee desi, sahtiya sadan road city",Menu/158203.json
3,187912,Singh Hut,Abohar,3.7,20+ ratings,₹ 250,"Fast Food,Indian",22119652000167,https://www.swiggy.com/restaurants/singh-hut-nehru-park-main-bazar-abohar-187912,"Singh Hut, CIRCULAR ROAD NEAR NEHRU PARK ABOHAR",Menu/187912.json
4,543530,GRILL MASTERS,Abohar,--,Too Few Ratings,₹ 250,"Italian-American,Fast Food",12122201000053,https://www.swiggy.com/restaurants/grill-masters-central-abohar-abohar-543530,"GRILL MASTERS, ADA Heights, Abohar - Hanumangarh Rd, Raipura, Abohar, Punjab 152116, India",Menu/543530.json
5,158204,Sam Uncle,Abohar,3.6,20+ ratings,₹ 200,Continental,22119652000052,https://www.swiggy.com/restaurants/sam-uncle-central-main-bazar-abohar-158204,"Sam Uncle, hanumangarh road near raja bajaj showroom abohar",Menu/158204.json
6,156588,shere punjab veg,Abohar,4.0,100+ ratings,₹ 150,North Indian,22120652000021,https://www.swiggy.com/restaurants/shere-punjab-veg-central-krishna-nagri-abohar-156588,"shere punjab veg, major surinder chowk near verma sons petrol pump and lic building abohar",Menu/156588.json
7,244866,Shri Balaji Vaishno Dhaba,Abohar,--,Too Few Ratings,₹ 100,North Indian,22119652000389,https://www.swiggy.com/restaurants/shri-balaji-vaishno-dhaba-central-main-bazar-abohar-244866,"Shri Balaji Vaishno Dhaba, St no 13,6th chowk,main Bazar,near jain bhawan, abohar",Menu/244866.json
8,156602,Hinglaj Kachori Bhandhar,Abohar,4.2,20+ ratings,₹ 100,"Snacks,Chaat",22119652000042,https://www.swiggy.com/restaurants/hinglaj-kachori-bhandhar-central-main-bazar-abohar-156602,"Hinglaj Kachori Bhandhar, street no 11 circular road ,Abohar",Menu/156602.json
9,158193,yummy hub,Abohar,--,Too Few Ratings,₹ 200,Indian,22119652000045,https://www.swiggy.com/restaurants/yummy-hub-central-abohar-abohar-158193,"yummy hub, hanumangarh road near dr naveen sethi hospitalabohar",Menu/158193.json
10,407249,CHAWLA SAAB THE JUICE MASTER,Abohar,--,Too Few Ratings,₹ 300,"Juices,Beverages",22121652000374,https://www.swiggy.com/restaurants/chawla-saab-the-juice-master-central-abohar-abohar-407249,"CHAWLA SAAB THE JUICE MASTER, SAHITYA SADAN MARKET, ABOHAR ,  Abohar (M Cl) , Fazilka 1(Abohar), Fazilka,  Punjab-152116",Menu/407249.json
11,156590,Sethi Milk Badam,Abohar,4.2,20+ ratings,₹ 100,"Sweets,Desserts",22119652000039,https://www.swiggy.com/restaurants/sethi-milk-badam-central-krishna-nagri-abohar-156590,"Sethi Milk Badam, main bazar street no 11 abohar",Menu/156590.json
12,338749,Swastik Dhaba,Abohar,--,Too Few Ratings,₹ 200,North Indian,license,https://www.swiggy.com/restaurants/swastik-dhaba-central-krishna-nagri-abohar-338749,"Swastik Dhaba, Gaushala road street no 22 near shiv mandir abohar",Menu/338749.json
13,156601,Jodhpuri Kachori,Abohar,--,Too Few Ratings,₹ 100,Snacks,22121652000387,https://www.swiggy.com/restaurants/jodhpuri-kachori-central-main-bazar-abohar-156601,"Jodhpuri Kachori, mandi 1 street no 4 main bazar near sbi bank abohar",Menu/156601.json
14,156587,Bharawan Da Dhaba,Abohar,4.4,50+ ratings,₹ 300,Indian,license,https://www.swiggy.com/restaurants/bharawan-da-dhaba-central-abohar-abohar-156587,"Bharawan Da Dhaba, rimpy bakery 12 circular road main bazar abohar",Menu/156587.json
15,158192,Tandoori Nights,Abohar,--,Too Few Ratings,₹ 300,Tandoor,22121652000229,https://www.swiggy.com/restaurants/tandoori-nights-central-abohar-abohar-158192,"Tandoori Nights, near civil hospital canteen abohar",Menu/158192.json
16,394554,Roll Express,Abohar,4.0,20+ ratings,₹ 200,Fast Food,22117652000070,https://www.swiggy.com/restaurants/roll-express-central-abohar-abohar-394554,"Roll Express, Roll Express, Opposite Dr. Sarla Sethi Hospital, Near DAV College, Hanumangarh Road, Abohar",Menu/394554.json
17,158195,wah ji waah veg and non veg corner,Abohar,--,Too Few Ratings,₹ 200,"North Indian,Chinese",22119652000157,https://www.swiggy.com/restaurants/wah-ji-waah-veg-and-non-veg-corner-central-canal-colony-abohar-158195,"wah ji waah veg and non veg corner, Hanuman garh road, Down the flyover. Near Dr.Navin Sheety Abohar",Menu/158195.json
18,257181,Shri Balaji fast food and Variety store,Abohar,--,Too Few Ratings,₹ 100,Indian,license,https://www.swiggy.com/restaurants/shri-balaji-fast-food-and-variety-store-central-model-town-abohar-257181,"Shri Balaji fast food and Variety store, opposite Loona Nursing home",Menu/257181.json
19,530909,FOODY MOOD,Abohar,4.7,20+ ratings,₹ 300,"Fast Food,Chinese",22122652000115,https://www.swiggy.com/restaurants/foody-mood-central-abohar-abohar-530909,"FOODY MOOD, Arya nagar St no 7 Abohar, Abohar (M Cl),  Fazilka 1(Abohar), Fazilka, Punjab - 152116",Menu/530909.json
20,573649,PUNJABI TADKA,Abohar,--,Too Few Ratings,₹ 700,"Punjabi,North Indian",22121652000276,https://www.swiggy.com/restaurants/punjabi-tadka-central-abohar-abohar-573649,"PUNJABI TADKA, HANUMANGARH ROAD,UNDER  FLYOVER,OPP SETHI REGENCY ABOHAR,  Abohar (M Cl), Fazilka 1(Abohar), Fazilka,  Punjab - 152116",Menu/573649.json
21,573656,PUNJABI TADKA CHICKEN HUB,Abohar,--,Too Few Ratings,₹ 650,"North Indian,Tandoor",22121652000276,https://www.swiggy.com/restaurants/punjabi-tadka-chicken-hub-central-abohar-abohar-573656,"PUNJABI TADKA CHICKEN HUB, HANUMANGARH ROAD,UNDER  FLYOVER,OPP SETHI REGENCY ABOHAR,  Abohar (M Cl), Fazilka 1(Abohar), Fazilka,  Punjab - 152116",Menu/573656.json
22,420675,Royal Chicken,Abohar,4.2,20+ ratings,₹ 200,"Mughlai,North Indian",22121652000472,https://www.swiggy.com/restaurants/royal-chicken-central-abohar-abohar-420675,"Royal Chicken, Near Naveen Sethi Hospital, Under Flyover, Abohar",Menu/420675.json
23,427610,Just Baked,Abohar,--,Too Few Ratings,₹ 300,"Beverages,Pizzas",22121652000339,https://www.swiggy.com/restaurants/just-baked-central-abohar-abohar-427610,"Just Baked, New Abadi, Ward no. 22, Abohar (M Cl), Fazilka 1(Abohar), Fazilka, Punjab - 152116",Menu/427610.json
24,435582,Picado International Food,Abohar,--,Too Few Ratings,₹ 300,"Pizzas,Beverages",22121652000286,https://www.swiggy.com/restaurants/picado-international-food-central-abohar-abohar-435582,"Picado International Food, Opp New Grain Market, Fazilka Road, Abohar",Menu/435582.json
25,382204,PubG Cafe,Abohar,--,Too Few Ratings,₹ 200,"Chinese,Pizzas",22121652000181,https://www.swiggy.com/restaurants/pubg-cafe-central-abohar-abohar-382204,"PubG Cafe, St. No 2, Near Essar petrol pump, Sitto  road, Model Town , Abohar, Fazilka,  Abohar (M Cl), Fazilka 1(Abohar), Fazilka,  Punjab - 152116",Menu/382204.json
26,460692,Verma Dhaba,Abohar,--,Too Few Ratings,₹ 300,Indian,22121652000551,https://www.swiggy.com/restaurants/verma-dhaba-central-abohar-abohar-460692,"Verma Dhaba, GangaNagar Road, Near Tara Estate, Abohar",Menu/460692.json
27,368328,Fresh Food Cafe,Abohar,--,Too Few Ratings,₹ 150,North Indian,22121652000165,https://www.swiggy.com/restaurants/fresh-food-cafe-central-model-town-abohar-368328,"Fresh Food Cafe, Sito Road, Near Railway Crossing, Model Town, Abohar",Menu/368328.json
28,530878,NAVU PIZZA HOUSE,Abohar,--,Too Few Ratings,₹ 300,"Pizzas,Fast Food",22122652000121,https://www.swiggy.com/restaurants/navu-pizza-house-central-abohar-abohar-530878,"NAVU PIZZA HOUSE, COLLEGE ROAD ABOHAR,ABOHAR,FAZILKA 1,FAZILKA PUNJAB-152116",Menu/530878.json
29,171675,Domino's Pizza,Abohar,4.4,20+ ratings,₹ 400,Pizzas,12115201000054,https://www.swiggy.com/restaurants/dominos-pizza-central-raipura-abohar-171675,"Domino's Pizza, ADAHeights,HanumangarhRoad,SunderNagari,Abohar,District,Fazilka",Menu/171675.json
30,475283,Joker Cafe,Abohar,--,Too Few Ratings,₹ 200,Indian,license,https://www.swiggy.com/restaurants/joker-cafe-central-abohar-abohar-475283,"Joker Cafe, First Floor, Shop No.226, City Walk  Mall, College Road, Fazilka  1(Abohar), Fazilka, , Punjab, 152116",Menu/475283.json
31,421155,Deepak Dhaba,Abohar,--,Too Few Ratings,₹ 350,"North Indian,Chinese",22121652000505,https://www.swiggy.com/restaurants/deepak-dhaba-central-abohar-abohar-421155,"Deepak Dhaba, Sito Chowk Near By Pass, Abohar",Menu/421155.json
32,545273,FUN TIME (SHARMA DAIRY),Abohar,--,Too Few Ratings,₹ 300,Ice Cream,22118652000228,https://www.swiggy.com/restaurants/fun-time-sharma-dairy-central-abohar-abohar-545273,"FUN TIME (SHARMA DAIRY), ST NO. 10,NEW ABADI ABOHAR,FAZILKA,PUNJAB 152116",Menu/545273.json
33,440811,Pari Healthy Food,Abohar,--,Too Few Ratings,₹ 300,"Pizzas,American",22121652000348,https://www.swiggy.com/restaurants/pari-healthy-food-central-abohar-abohar-440811,"Pari Healthy Food, Dhani Bishesharnath, Kandhwal Road, Abohar",Menu/440811.json
34,420586,Bhatti Ki Rasoi,Abohar,--,Too Few Ratings,₹ 200,North Indian,license,https://www.swiggy.com/restaurants/bhatti-ki-rasoi-central-abohar-abohar-420586,"Bhatti Ki Rasoi, HANUMANGARH ROAD, AZIMGARH CHUNGI, Fazilka, Punjab- 152116",Menu/420586.json
35,448046,SETHI PUNJABI RASOI,Abohar,--,Too Few Ratings,₹ 300,Indian,22121652000267,https://www.swiggy.com/restaurants/sethi-punjabi-rasoi-central-abohar-abohar-448046,"SETHI PUNJABI RASOI, HANUMANGARH ROAD NEAR AZIMGARH  CHUNGI OPPOSITE BABA DEEP SINGH  GURUDHWARA ABOHAR, Abohar (M Cl),  Fazilka 1(Abohar), Fazilka, Punjab - 152116",Menu/448046.json
36,187921,Kurda Ram Desi Ghee Dhaba(Original & Famous),Abohar,--,Too Few Ratings,₹ 250,North Indian,22120652000055,https://www.swiggy.com/restaurants/kurda-ram-desi-ghee-dhaba-original-and-famous-near-sbi-nai-abadi-abohar-187921,"Kurda Ram Desi Ghee Dhaba(Original & Famous), BAZAR NO. 4, ABOHAR, Abohar (M Cl),  Fazilka 1(Abohar), Fazilka, Punjab - 152116",Menu/187921.json
37,551512,Paratha 24x7,Abohar,--,Too Few Ratings,₹ 150,"Indian,Thalis",22122652000127,https://www.swiggy.com/restaurants/paratha-24x7-central-abohar-abohar-551512,"Paratha 24x7, Waryam nagar, Abohar (M Cl), Fazilka   1(Abohar), Fazilka, Punjab - 152116",Menu/551512.json
38,351387,NIKKU VEG THALI,Abohar,4.1,100+ ratings,₹ 150,North Indian,22121652000183,https://www.swiggy.com/restaurants/nikku-veg-thali-central-old-suraj-nagari-abohar-351387,"NIKKU VEG THALI, College Road, Near Railway Line, Abohar",Menu/351387.json
39,432675,PARJAPATI FAST FOOD,Abohar,--,Too Few Ratings,₹ 200,"Fast Food,American",license,https://www.swiggy.com/restaurants/parjapati-fast-food-central-abohar-abohar-432675,"PARJAPATI FAST FOOD, NEW GRAIN MARKET, NEAR SEWA KENDR, Fazilka 1(Abohar), Fazilka, , Punjab, 152116",Menu/432675.json
40,302868,Ganesh Fast Food,Abohar,--,Too Few Ratings,₹ 150,Chaat,22120652000112,https://www.swiggy.com/restaurants/ganesh-fast-food-central-civil-line-abohar-302868,"Ganesh Fast Food, Abohar, Fazlika road chowk, near Barundham",Menu/302868.json
41,567664,Mitran Da dhaba,Abohar,--,Too Few Ratings,₹ 200,"North Indian,Indian",22122652000081,https://www.swiggy.com/restaurants/mitran-da-dhaba-central-abohar-abohar-567664,"Mitran Da dhaba, Uttam Vihar colony, gate-2, Last crossing, abohar, Punjab 152116",Menu/567664.json
42,440878,The Super Cafe,Abohar,--,Too Few Ratings,₹ 250,Beverages,22121652000518,https://www.swiggy.com/restaurants/the-super-cafe-central-abohar-abohar-440878,"The Super Cafe, NAI ABADI, BADI POUDI, ST. NO.19,  Abohar (M Cl), Fazilka 1(Abohar), Fazilka,  Punjab - 152116",Menu/440878.json
43,161396,chacha sweets house,Abohar,--,Too Few Ratings,₹ 200,"Sweets,Beverages",22119652000095,https://www.swiggy.com/restaurants/chacha-sweets-house-central-nanak-nagri-abohar-161396,"chacha sweets house, h no 2402 st no 24 gaushalla road opp sukhmani hospital abohar",Menu/161396.json
44,382249,Cafe M,Abohar,--,Too Few Ratings,₹ 200,"Continental,Snacks",license,https://www.swiggy.com/restaurants/cafe-m-central-abohar-abohar-382249,"Cafe M, NEAR SITO FATAK, OPP LOONA NURSING HOME, ABOHAR,  Fazilka, Punjab- 152116",Menu/382249.json
45,161408,Frankie roll junction,Abohar,--,Too Few Ratings,₹ 60,"North Indian,Fast Food",license,https://www.swiggy.com/restaurants/frankie-roll-junction-central-raipura-abohar-161408,"Frankie roll junction, lajpat rai market near nehru park abohar",Menu/161408.json
46,432684,G.K Dhaba,Abohar,--,Too Few Ratings,₹ 300,"North Indian,Thalis",22121652000344,https://www.swiggy.com/restaurants/g-k-dhaba-central-abohar-abohar-432684,"G.K Dhaba, Khandwala Road, Abohar",Menu/432684.json
47,459776,DAYA RAJ VEG VAISHNO DHABA AND  CATERS,Abohar,--,Too Few Ratings,₹ 300,"Chinese,Snacks",22121652000615,https://www.swiggy.com/restaurants/daya-raj-veg-vaishno-dhaba-and-caters-central-abohar-abohar-459776,"DAYA RAJ VEG VAISHNO DHABA AND  CATERS, THAKKAR ABADI ROAD NEAR RAILWAY  CROSSING ABOHAR, Abohar (M Cl), Fazilka  1(Abohar), Fazilka, Punjab - 152116",Menu/459776.json
48,459775,JUICY BAR N RESTO,Abohar,--,Too Few Ratings,₹ 300,"Beverages,Pizzas",22121652000564,https://www.swiggy.com/restaurants/juicy-bar-n-resto-central-abohar-abohar-459775,"JUICY BAR N RESTO, BABA NAMDEV CHOWK, NEAR DOMINOS,  HANUMANGARH ROAD, Abohar (M Cl),  Fazilka 1(Abohar), Fazilka, Punjab - 152116",Menu/459775.json
49,420637,FresHub,Abohar,--,Too Few Ratings,₹ 200,Beverages,22121652000474,https://www.swiggy.com/restaurants/freshub-central-abohar-abohar-420637,"FresHub, SHOP NO. 118, CITY WALK MALL, GROUND  FLOOR,HANUMANGARH ROAD,ABOHAR,  Abohar (M Cl), Fazilka 1(Abohar), Fazilka,  Punjab - 152116",Menu/420637.json
50,420479,The Food Factory,Abohar,--,Too Few Ratings,₹ 200,"North Indian,South Indian",22121652000419,https://www.swiggy.com/restaurants/the-food-factory-central-abohar-abohar-420479,"The Food Factory, SIDHU NAGRI ,ST NO.5, MAIN ROAD, ABOHAR, Abohar (M Cl), Fazilka 1(Abohar), Fazilka",Menu/420479.json
51,427606,MUNNA PUNJABI RASOI,Abohar,--,Too Few Ratings,₹ 400,"Chinese,Indian",license,https://www.swiggy.com/restaurants/munna-punjabi-rasoi-central-abohar-abohar-427606,"MUNNA PUNJABI RASOI, HANUMANGARH ROAD NEAR DAV COLLEGE ABOHAR",Menu/427606.json
52,531363,Grill Master By Sharda Anita Enterprises,Abohar,--,Too Few Ratings,₹ 250,"Fast Food,Italian",12122201000053,https://www.swiggy.com/restaurants/grill-master-by-sharda-anita-enterprises-central-abohar-abohar-531363,"Grill Master By Sharda Anita Enterprises, OPP DOMINO'S PIZZA, NEAR NAMDEV  CHOWK, HANUMANGARH ROAD, ABOHAR,  Fazilka 1(Abohar), Fazilka, Punjab-152116",Menu/531363.json
53,156592,Maruti Plaza,Abohar,--,Too Few Ratings,₹ 150,"Beverages,Snacks",22116652000061,https://www.swiggy.com/restaurants/maruti-plaza-central-main-bazar-abohar-156592,"Maruti Plaza, house no st no 4 near durga mata mandir abohar",Menu/156592.json
54,373319,Nikku Chaap Cafe,Abohar,--,Too Few Ratings,₹ 200,"Indian,Chinese",license,https://www.swiggy.com/restaurants/nikku-chaap-cafe-central-canal-colony-abohar-373319,"Nikku Chaap Cafe, 324, Street No: 3, Badi Puri, Nai Abadi, Abohar-152116",Menu/373319.json
55,508318,DK Food Point,Abohar,--,Too Few Ratings,₹ 100,Chaat,license,https://www.swiggy.com/restaurants/dk-food-point-central-abohar-abohar-508318,"DK Food Point, SCO 29, Sri Ganganagar Rd, opposite PSPCL Power Station, Kothi Faij, Abohar, Punjab 152116, India",Menu/508318.json
56,407243,TUMMY CLINIK FAST FOOD CORNER,Abohar,--,Too Few Ratings,₹ 200,"Snacks,Chinese",22121652000355,https://www.swiggy.com/restaurants/tummy-clinik-fast-food-corner-central-abohar-abohar-407243,"TUMMY CLINIK FAST FOOD CORNER, nai abadi, street no.12, near post office,  abohar , Abohar (M Cl) , Fazilka 1(Abohar),  Fazilka, Punjab-152116",Menu/407243.json
57,187915,Sagar Fast Food,Abohar,--,Too Few Ratings,₹ 200,"North Indian,Fast Food",22119652000081,https://www.swiggy.com/restaurants/sagar-fast-food-mohan-bazar-patel-nagar-abohar-187915,"Sagar Fast Food, STREET NO. 6 MOHAN BAZAR NEAR SHIV MANDIR ABOHAR",Menu/187915.json
58,461724,SUDESH FAST FOOD,Abohar,4.0,20+ ratings,₹ 250,"Bakery,Chinese",license,https://www.swiggy.com/restaurants/sudesh-fast-food-central-abohar-abohar-461724,"SUDESH FAST FOOD, Shri Ganganagar Road, Near Tara  Estate, Fazilka 1(Abohar), Fazilka, ,  Punjab, 152116",Menu/461724.json
59,156542,Sonu Tandoori Paties,Abohar,--,Too Few Ratings,₹ 100,North Indian,22119652000170,https://www.swiggy.com/restaurants/sonu-tandoori-paties-central-abohar-abohar-156542,"Sonu Tandoori Paties, near tehsil complex sitto road abohar",Menu/156542.json
60,161405,Bihari da vaishno dhaba,Abohar,4.0,20+ ratings,₹ 200,North Indian,22119652000092,https://www.swiggy.com/restaurants/bihari-da-vaishno-dhaba-central-nanak-nagri-abohar-161405,"Bihari da vaishno dhaba, hanumangarh road mahavir colony lajpat nagar abohar",Menu/161405.json
61,462070,SHRI GANESH SWEET HOUSE,Abohar,--,Too Few Ratings,₹ 200,Indian,22121652000594,https://www.swiggy.com/restaurants/shri-ganesh-sweet-house-central-abohar-abohar-462070,"SHRI GANESH SWEET HOUSE, NEW GRAIN MARKET, Abohar (M Cl),  Fazilka 1(Abohar), Fazilka, Punjab - 152116",Menu/462070.json
62,224008,Sharma Bakery,Adilabad,3.5,20+ ratings,₹ 100,Bakery,30201218107801,https://www.swiggy.com/restaurants/sharma-bakery-city-mahalaxmiwada-adilabad-224008,"Sharma Bakery, Near Kumar Janta Ganesh Mandal, Kumar Pet Adilabad",Menu/224008.json
63,165533,IFC Restaurant,Adilabad,3.5,100+ ratings,₹ 400,American,13619001000093,https://www.swiggy.com/restaurants/ifc-restaurant-mahalaxmiwada-adilabad-165533,"IFC Restaurant, Jagadamba Towers, Gandhi Printing Press, Adilabad",Menu/165533.json
64,225827,Ayappa Fast Food,Adilabad,3.6,20+ ratings,₹ 100,Chinese,license,https://www.swiggy.com/restaurants/ayappa-fast-food-city-ravindra-nagar-colony-adilabad-225827,"Ayappa Fast Food,  opp-little star high school, ravindra nagar colony,, Adilabad - 504001",Menu/225827.json
65,242943,Hot N Chill Restaurant,Adilabad,3.5,100+ ratings,₹ 150,"European,Italian",13619001000192,https://www.swiggy.com/restaurants/hot-n-chill-restaurant-city-bhuktapur-adilabad-242943,"Hot N Chill Restaurant, H NO 4 -4 -703 BHUKTHAPUR,ADILABAD 504001",Menu/242943.json
66,186286,China Kitchen Fast Food,Adilabad,3.1,20+ ratings,₹ 150,"Chinese,Fast Food",23621012000363,https://www.swiggy.com/restaurants/china-kitchen-fast-food-tamsi-bus-stand-adilabad-city-adilabad-186286,"China Kitchen Fast Food, Gunj Road,Near Tamsi BusStand,Adilabad",Menu/186286.json
67,166613,Devi Family Restaurant,Adilabad,3.4,50+ ratings,₹ 400,"Indian,Chinese",13618001000056,https://www.swiggy.com/restaurants/devi-family-restaurant-collector-chowk-chaitanyapuri-adilabad-166613,"Devi Family Restaurant, Collector Chowk, Adilabada",Menu/166613.json
68,500628,Instaa Fast Food Center,Adilabad,--,Too Few Ratings,₹ 250,"Chinese,Snacks",23622026000230,https://www.swiggy.com/restaurants/instaa-fast-food-center-puhlong-x-road-nizamabad-500628,"Instaa Fast Food Center, Door No:6-16-212, Near Sfc school Subashnagar,Nizamabad,(urban),Nizamabad,Telanagana -503001",Menu/500628.json
69,186289,Hotel Radha Grand Family restaurant,Adilabad,3.5,50+ ratings,₹ 200,Biryani,license,https://www.swiggy.com/restaurants/hotel-radha-grand-family-restaurant-collector-chock-chaitanyapuri-adilabad-186289,"Hotel Radha Grand Family restaurant, opp: Star Medicals,near RIMS Hospital,Collector Chock.Adilabad",Menu/186289.json
70,165532,Hotel Surabhi Grand,Adilabad,3.7,100+ ratings,₹ 300,"Indian,Chinese",13616001000288,https://www.swiggy.com/restaurants/hotel-surabhi-grand-mahalaxmiwada-adilabad-165532,"Hotel Surabhi Grand, Cinema Road, Adilabad",Menu/165532.json
71,169281,Food Court,Adilabad,3.4,50+ ratings,₹ 400,"Indian,Chinese",license,https://www.swiggy.com/restaurants/food-court-bus-stand-vidya-nagar-adilabad-169281,"Food Court, Bus Stand Road,Adilabad",Menu/169281.json
72,408059,T-Ruchi,Adilabad,--,Too Few Ratings,₹ 300,"Sweets,Snacks",23621033001822,https://www.swiggy.com/restaurants/t-ruchi-ameerpet-hyderabad-408059,"T-Ruchi, Pillar No C 1432, Meridian Plaza, Ground Floor, Ameerpet Rd,  Begumpet, Hyderabad, Telangana 500016",Menu/408059.json
73,529171,CRUNCHY FAST FOOD CENTRE,Adilabad,--,Too Few Ratings,₹ 150,"Chinese,Snacks",23621012000366,https://www.swiggy.com/restaurants/crunchy-fast-food-centre-adilabad-city-adilabad-529171,"CRUNCHY FAST FOOD CENTRE, GANDHI PARK ROAD, Adilbad (Urban),  Adilabad, Telangana - 504001",Menu/529171.json
74,517814,8AM TIFFINS,Adilabad,--,Too Few Ratings,₹ 100,South Indian,23622012000071,https://www.swiggy.com/restaurants/8am-tiffins-adilabad-city-adilabad-517814,"8AM TIFFINS, H. NO. 4-3-114, NETAJI CHOWK,  ADILABAD-504001 TELANGANA, Adilbad  (Urban), Adilabad, Telangana - 504001",Menu/517814.json
75,167432,Minerva Ice Cream,Adilabad,4.0,20+ ratings,₹ 250,Desserts,13617001000239,https://www.swiggy.com/restaurants/minerva-ice-cream-collector-chowk-adilabad-city-adilabad-167432,"Minerva Ice Cream, Collector Chowk, Adilabad",Menu/167432.json
76,166971,Ayyappa Mess,Adilabad,--,Too Few Ratings,₹ 200,South Indian,license,https://www.swiggy.com/restaurants/ayyappa-mess-ntr-circle-ravindra-nagar-colony-adilabad-166971,"Ayyappa Mess, NTR Circle, Adilabad",Menu/166971.json
77,516171,FRUITASTY,Adilabad,--,Too Few Ratings,₹ 100,"Beverages,Desserts",23619012000152,https://www.swiggy.com/restaurants/fruitasty-adilabad-city-adilabad-516171,"FRUITASTY, 6/5/59, Near Srinivasa Nursing Home Netaji Chowk, Adilabad , Adilbad (Urban), Adilabad (Telangana), - 504001",Menu/516171.json
78,226299,Lotus Grand Family Restaurant,Adilabad,3.6,50+ ratings,₹ 250,Biryani,13621001000019,https://www.swiggy.com/restaurants/lotus-grand-family-restaurant-city-ravindra-nagar-colony-adilabad-226299,"Lotus Grand Family Restaurant, opp bustand Adilabad",Menu/226299.json
79,374706,Shaifan Tiffin Centre,Adilabad,--,Too Few Ratings,₹ 110,"Street Food,Indian",license,https://www.swiggy.com/restaurants/shaifan-tiffin-centre-city-vidya-nagar-adilabad-374706,"Shaifan Tiffin Centre, New bus stand (opposite) telagana grammina bank,  Adilabad, Telangana-504001",Menu/374706.json
80,473193,Food On Wheels,Adilabad,--,Too Few Ratings,₹ 100,South Indian,23621012000356,https://www.swiggy.com/restaurants/food-on-wheels-adilabad-city-adilabad-473193,"Food On Wheels, C/O STU BHAVAN,Gandhi Park Road,  Adilbad (Urban), Adilabad, Telangana -  504001",Menu/473193.json
81,167412,Sri Sai Mom's Kitchen Restaurant,Adilabad,3.3,20+ ratings,₹ 400,Biryani,13619001000053,https://www.swiggy.com/restaurants/sri-sai-moms-kitchen-restaurant-dasnapur-teachers-colony-adilabad-167412,"Sri Sai Mom's Kitchen Restaurant, Teachers Coloney, Dasnapur, Adilabad",Menu/167412.json
82,503717,China Kitchen Restaurant,Adilabad,--,Too Few Ratings,₹ 250,Chinese,23621012000334,https://www.swiggy.com/restaurants/china-kitchen-restaurant-adilabad-city-adilabad-503717,"China Kitchen Restaurant, Near SVR petrol pump Tripelly,Adilabad,Adilabad(urban)Telangana - 504001",Menu/503717.json
83,165530,Renuka Hotel,Adilabad,3.1,20+ ratings,₹ 250,South Indian,license,https://www.swiggy.com/restaurants/renuka-hotel-punjabi-chowk-mahalaxmiwada-adilabad-165530,"Renuka Hotel, Punjabi Chowk, Opp To Kushi Bar, Adilabad",Menu/165530.json
84,255925,Tanishq Family Restaurant,Adilabad,3.7,50+ ratings,₹ 250,"Chinese,Indian",13078061000007,https://www.swiggy.com/restaurants/tanishq-family-restaurant-city-bhuktapur-adilabad-255925,"Tanishq Family Restaurant, Bhukthapur,Adilabad,Telanagana",Menu/255925.json
85,225921,KMC Hotel,Adilabad,3.6,20+ ratings,₹ 100,Biryani,license,https://www.swiggy.com/restaurants/kmc-hotel-city-ravindra-nagar-colony-adilabad-225921,"KMC Hotel, NTR CHOWK Adilabad",Menu/225921.json
86,549242,RAMA JUICE AND SHAKES PARLOUR (LASSI N SHAKES ),Adilabad,--,Too Few Ratings,₹ 150,"Indian,Beverages",23621012000338,https://www.swiggy.com/restaurants/rama-juice-and-shakes-parlour-lassi-n-shakes-adilabad-city-adilabad-549242,"RAMA JUICE AND SHAKES PARLOUR (LASSI N SHAKES ), 7-1-13/3/B  ADILABAD 504001",Menu/549242.json
87,321587,Kwality Walls Frozen Dessert and Ice Cream Shop,Adityapur,4.8,20+ ratings,₹ 300,Desserts,21122060000055,https://www.swiggy.com/restaurants/kwality-walls-frozen-dessert-and-ice-cream-shop-sakchi-jamshedpur-321587,"Kwality Walls Frozen Dessert and Ice Cream Shop, Shop No.1(II), B. No.1, Mango Bus Stand, P.S. Sakchi, P.S. Sitaramdera , District - Purbi Singhbhum, STATE - Jharkhand",Menu/321587.json
88,439487,La Pino'z Pizza,Adityapur,4.1,500+ ratings,₹ 200,"Pizzas,Fast Food",11121006000214,https://www.swiggy.com/restaurants/la-pinoz-pizza-bistupur-jamshedpur-439487,"La Pino'z Pizza, Ground Floor, 29, Kharkai Link Road, Bistupur, Jamshedpur, East Singhbhum, Jharkhand, 831001",Menu/439487.json
89,397980,Chaw Box,Adityapur,3.3,100+ ratings,₹ 300,"Chinese,North Indian",21120078000062,https://www.swiggy.com/restaurants/chaw-box-adityapur-jamshedpur-397980,"Chaw Box, 1295, MAIN ROAD ADITYAPUR, SERAIKELAKHARSAWAN, BEHIND SHARMA MARKET,  JHARKHAND, KHARSAWAN, KHARSAWAN,  Saraikela, Jharkhand-831013",Menu/397980.json
90,304302,Cafe Coffee Day,Adityapur,3.7,50+ ratings,₹ 300,"Beverages,Snacks",11117006000019,https://www.swiggy.com/restaurants/cafe-coffee-day-bistupur-jamshedpur-304302,"Cafe Coffee Day, cafecoffee day .D-costa mansion,Bistupur ,jamshedpur purbi singhbhum (jharkhand)",Menu/304302.json
91,533186,Aditya Inn Restaurant,Adityapur,3.6,100+ ratings,₹ 150,"Biryani,Chinese",21122083000020,https://www.swiggy.com/restaurants/aditya-inn-restaurant-adityapur-jamshedpur-533186,"Aditya Inn Restaurant, Plot number 1295, Main Rd, Behind  Sharma market, Adityapur Basti,  Adityapur,GAMAHARIA, Saraikela, ,  Jharkhand, 831013",Menu/533186.json
92,478348,Taste Ville,Adityapur,--,Too Few Ratings,₹ 100,"North Indian,Indian",21122060000008,https://www.swiggy.com/restaurants/taste-ville-telco-jamshedpur-478348,"Taste Ville, Old sitram dera jamshedpur",Menu/478348.json
93,138890,Indian Bakery,Adityapur,3.3,100+ ratings,₹ 200,Bakery,21119253000120,https://www.swiggy.com/restaurants/indian-bakery-sonari-bistupur-jamshedpur-138890,"Indian Bakery, SHOP NO 1, RANI KUDAR,KADMA, JAMSHEDPUR",Menu/138890.json
94,553999,Mannat Bakers,Adityapur,--,Too Few Ratings,₹ 300,Bakery,21122272000118,https://www.swiggy.com/restaurants/mannat-bakers-adityapur-jamshedpur-553999,"Mannat Bakers, S TYPE CHOWK, ADITYAPUR, NAGAR NIGAM, SARAIKELA, JHARKHAND - 831013",Menu/553999.json
95,410839,China Town,Adityapur,--,Too Few Ratings,₹ 200,Chinese,21121254000345,https://www.swiggy.com/restaurants/china-town-mango-jamshedpur-410839,"China Town, KAMLA SADAN, 3RD FLOOR, H. NO.: 6,  SUBHASH COLONY, DIMNA ROAD,  MANGO, Mango Municipality Word Nos 8,  Muncipality, Purbi Singhbhum, Jharkhand  - 831012",Menu/410839.json
96,137701,The Onyx (Pure veg),Adityapur,3.8,100+ ratings,₹ 300,"Indian,Chinese",21118083000027,https://www.swiggy.com/restaurants/the-onyx-pure-veg-adityapur-jamshedpur-137701,"The Onyx (Pure veg), SHERE-PUNJAB CHOUK, TATA KANDRA MAIN ROAD, BESIDE V MART, ADITYAPUR, JAMSHEDPUR",Menu/137701.json
97,575990,KI & KA KITCHEN,Adityapur,--,Too Few Ratings,₹ 200,"Chinese,North Indian",license,https://www.swiggy.com/restaurants/ki-and-ka-kitchen-adityapur-jamshedpur-575990,"KI & KA KITCHEN, road, near meditrina hospital, \\r\\nNaginapuri, Dindli Basti, Adityapur, \\r\\nJamshedpur,,",Menu/575990.json
98,410838,Magic Momo,Adityapur,--,Too Few Ratings,₹ 200,"Chinese,Tandoor",21121254000345,https://www.swiggy.com/restaurants/magic-momo-mango-jamshedpur-410838,"Magic Momo, KAMLA SADAN, 3RD FLOOR, H. NO.: 6,  SUBHASH COLONY, DIMNA ROAD,  MANGO, Mango Municipality Word Nos 8,  Muncipality, Purbi Singhbhum, Jharkhand  - 831012",Menu/410838.json
99,397258,Yes Yo Momo,Adityapur,--,Too Few Ratings,₹ 150,Chinese,21121083000165,https://www.swiggy.com/restaurants/yes-yo-momo-adityapur-jamshedpur-397258,"Yes Yo Momo, CHOUDHARY JAGARNATHPUR, GAMARIA,  ADITYAPUR 2, ADITYAPUR, GAMAHARIA,  Saraikela, Jharkhand - 832109",Menu/397258.json
100,133352,NEW GANGOUR SWEETS (Adityapur),Adityapur,4.0,50+ ratings,₹ 200,South Indian,21117083000312,https://www.swiggy.com/restaurants/new-gangour-sweets-adityapur-adityapur-jamshedpur-133352,"NEW GANGOUR SWEETS (Adityapur), JEET COMPLEX MAIN ADITYAPUR ROAD,NEAR SHERE PUNJAB CHOWK",Menu/133352.json
101,150497,National Bakery,Adityapur,4.4,50+ ratings,₹ 399,"Bakery,Snacks",21117060000169,https://www.swiggy.com/restaurants/national-bakery-sakchi-agrico-jamshedpur-150497,"National Bakery, 725, NEW SITARAM DERA, SAKCHI, JAMSHEDPUR",Menu/150497.json
102,383716,BAKERY POINT.,Adityapur,--,Too Few Ratings,₹ 200,"Bakery,Snacks",21121272000086,https://www.swiggy.com/restaurants/bakery-point-adityapur-jamshedpur-383716,"BAKERY POINT., DEEP COMPLEX, S TYPE MAIN ROAD, ADITYAPUR P/O ADITYAPUR, S - TYPE, 1 TYPE, ADITYAPUR NAGAR NIGAM (ADITYAPUR), SARAIKELA, JHARKHAND - 831013",Menu/383716.json
103,113948,KFC,Adityapur,4.0,500+ ratings,₹ 400,"American,Snacks",11117006000186,https://www.swiggy.com/restaurants/kfc-p-and-m-mall-bistupur-jamshedpur-113948,"KFC, P&M Mall ,Outer Circle Road ,Bistupur ,Jamshedpur Jharkhand 831001",Menu/113948.json
104,431552,LUV BITES BAKERY,Adityapur,--,Too Few Ratings,₹ 250,Bakery,21118083000259,https://www.swiggy.com/restaurants/luv-bites-bakery-adityapur-jamshedpur-431552,"LUV BITES BAKERY, Ward 20, Holding 12, Deep Complex, Tata Kandra Main Road, Adityapur, Bistupur, Jamshedpur",Menu/431552.json
105,412357,Buddha Delight - Gamharia,Adityapur,3.5,100+ ratings,₹ 200,"Chinese,Indian",21119272000017,https://www.swiggy.com/restaurants/buddha-delight-gamharia-adityapur-gamharia-jamshedpur-412357,"Buddha Delight - Gamharia, Road No-4,Near Railway Barrack,Adityapur-2,Inchagarh,Saraikela,Jharkhand-831013",Menu/412357.json
106,102037,Dosa Planet,Adityapur,3.9,500+ ratings,₹ 249,"South Indian,Indian",21118060000835,https://www.swiggy.com/restaurants/dosa-planet-bistupur-jamshedpur-102037,"Dosa Planet, Near Ramkrishan Mission School, Bistupur",Menu/102037.json
107,578207,SAMBHU DOSA,Adityapur,--,Too Few Ratings,₹ 150,"South Indian,Chinese",21121083000288,https://www.swiggy.com/restaurants/sambhu-dosa-adityapur-jamshedpur-578207,"SAMBHU DOSA, SHOP NO 103 GROUND FLOOR ADITYAPUR DINDLI BASTI, ADITYAPUR, GAMAHARIA, Saraikela, Jharkhand - 831013",Menu/578207.json
108,565260,Red Oven,Adityapur,--,Too Few Ratings,₹ 250,Bakery,21122272000109,https://www.swiggy.com/restaurants/red-oven-adityapur-jamshedpur-565260,"Red Oven, MAIN ROAD, SHER E PUNJAB CHOWK, ADITYAPUR, ADITYAPUR-2, ROAD NO-3,4,5,6,7,8,9,10, NAGAR NIGAM (ADITYAPUK Saraikela, jharkhand -831013",Menu/565260.json
109,101351,Pizza Hut,Adityapur,3.3,100+ ratings,₹ 350,Pizzas,11215333000968,https://www.swiggy.com/restaurants/pizza-hut-hi-tech-city-centre-bistupur-jamshedpur-101351,"Pizza Hut, Unit No RT -11 P amd M Hi Tech City Centre,Bistupur, Jamshedpur,Jharkhand",Menu/101351.json
110,480203,CHAMPARAN TASTE MUTTON CHICKEN,Adityapur,--,Too Few Ratings,₹ 100,North Indian,21121272000130,https://www.swiggy.com/restaurants/champaran-taste-mutton-chicken-adityapur-jamshedpur-480203,"CHAMPARAN TASTE MUTTON CHICKEN, SAAL BAGAAN, JAI PRAKASH UDYAAN, ADITYAPUR-2",Menu/480203.json
111,102842,Junction,Adityapur,3.9,500+ ratings,₹ 399,"Indian,Chinese",21117060000597,https://www.swiggy.com/restaurants/junction-bistupur-jamshedpur-102842,"Junction, Shop 22, Millennium Tower, South Park, Bistupur, Jamshedpur",Menu/102842.json
112,138891,Kolkata Royal Biryani,Adityapur,3.7,500+ ratings,₹ 150,"Biryani,Street Food",21118060001054,https://www.swiggy.com/restaurants/kolkata-royal-biryani-bistupur-jamshedpur-138891,"Kolkata Royal Biryani, Railway Crossing, near State Bank, Jugsalai Fatak, Chowk Bazar, Jugsalai, Jamshedpur, Jharkhand 813006",Menu/138891.json
113,143143,Yummerica Fries,Adityapur,3.8,50+ ratings,₹ 400,"American,Beverages",license,https://www.swiggy.com/restaurants/yummerica-fries-telco-bistupur-jamshedpur-143143,"Yummerica Fries, Yummerica Fries, Food Court, PM Mall, Bistupur, Jamshedpur",Menu/143143.json
114,558957,Tandoori Hut,Adityapur,4.4,20+ ratings,₹ 400,"North Indian,Tandoor",11121006000188,https://www.swiggy.com/restaurants/tandoori-hut-bistupur-jamshedpur-558957,"Tandoori Hut, H.NO- 21/A, AWTAR BUILDING, OUTER CIRCLE ROAD NO.2, GURUDWARA BASTI, BISTUPUR , Muncipality, Purbi Singhbhum, Jharkhand-831001",Menu/558957.json
115,489011,Karim's,Adityapur,2.7,20+ ratings,₹ 500,"Snacks,Kebabs",21122254000106,https://www.swiggy.com/restaurants/karims-bistupur-jamshedpur-489011,"Karim's , Bistupur Main Rd, South Park, Bistupur, Jamshedpur, Jharkhand 831001, India",Menu/489011.json
116,428013,Tanndoori Hut,Adityapur,--,Too Few Ratings,₹ 200,"Chinese,Indian",21121254000086,https://www.swiggy.com/restaurants/tanndoori-hut-bistupur-jamshedpur-428013,"Tanndoori Hut, H NO. 32, GURUDWARA BASTI, OUTER CIRCLE ROAD, BISTUPUR, JAMSHEDPUR - 831001",Menu/428013.json
117,116273,New Gangour Sweets (Bistupur),Adityapur,4.3,100+ ratings,₹ 99,Sweets,21118060000363,https://www.swiggy.com/restaurants/new-gangour-sweets-bistupur-bistupur-jamshedpur-116273,"New Gangour Sweets (Bistupur), Main road Bistupur",Menu/116273.json
118,478936,Momo Nation Cafe,Adityapur,3.8,50+ ratings,₹ 200,"Nepalese,Chinese",11122006000002,https://www.swiggy.com/restaurants/momo-nation-cafe-bistupur-jamshedpur-478936,"Momo Nation Cafe, Shop No. 21, Millennium Tower, R-Road, BIstupur, P.O. & P.S. Bistupur, Jamshedpur, Jamshedpur Urban, Purbi Singhbhum, Jharkhand-831001",Menu/478936.json
119,477627,NIC Natural Ice Creams,Adityapur,4.4,500+ ratings,₹ 120,"Ice Cream,Desserts",21121254000735,https://www.swiggy.com/restaurants/nic-natural-ice-creams-bistupur-jamshedpur-477627,"NIC Natural Ice Creams, 1st Floor, Outer Circle Rd, Dey Complex, Building No.5, near Kantilal Medica Hospital, South Park, Bistupur, Jamshedpur, Jharkhand 831001",Menu/477627.json
120,437616,Haldiram's Prabhuji,Adityapur,4.0,100+ ratings,₹ 300,"North Indian,South Indian",license,https://www.swiggy.com/restaurants/haldirams-prabhuji-bistupur-jamshedpur-437616,"Haldiram's Prabhuji, H.No. 2, Sura Bhawan, Bistpur, Near Gangotri House Jamshedpur, Jharkhand, JJ Heights 831001",Menu/437616.json
121,550910,BANARASI PAAN CAFE,Adityapur,--,Too Few Ratings,₹ 100,Paan,21121253000821,https://www.swiggy.com/restaurants/banarasi-paan-cafe-bistupur-jamshedpur-550910,"BANARASI PAAN CAFE, BANARASI PAAN CAFE KST-09 P&M HiTech City Centre, Jamshedpur, Jugsalai,  Jamshedpur, Purbi Singhbhum, Jharkhand  - 831001",Menu/550910.json
122,342366,Chowringhee Square,Adityapur,3.5,20+ ratings,₹ 250,"Biryani,North Indian",license,https://www.swiggy.com/restaurants/chowringhee-square-bistupur-jamshedpur-342366,"Chowringhee Square, PM MALL, BISTUPUR, JAMSHEDPUR",Menu/342366.json
123,557008,Kanya Restaurant,Adityapur,4.1,500+ ratings,₹ 200,"North Indian,Chinese",21122060000199,https://www.swiggy.com/restaurants/kanya-restaurant-bistupur-jamshedpur-557008,"Kanya Restaurant, PLOT NO 2606 BLOCK NO 1 SHASTRINAGAR KADMA",Menu/557008.json
124,97199,Domino's Pizza,Adityapur,4.1,50+ ratings,₹ 400,Pizzas,11116006000176,https://www.swiggy.com/restaurants/dominos-pizza-jharkhand-bistupur-jamshedpur-97199,"Domino's Pizza, ROSHAN TOWER,FIRST FLOORBISTUPUR MAIN ROADBESIDE SACHDEV CYCLE MARTJAMSHEDPURJAMSHEDPURJHARKHAND831001",Menu/97199.json
125,134569,Motel Madhuban,Adityapur,4.1,100+ ratings,₹ 499,"Indian,Chinese",11118008000028,https://www.swiggy.com/restaurants/motel-madhuban-adityapur-jamshedpur-134569,"Motel Madhuban, MAIN ROAD,INDUSTRIAL AREA ADITYAPUR,JAMSHEDPUR",Menu/134569.json
126,183009,Baker Street,Adityapur,4.1,100+ ratings,₹ 150,Bakery,11120006000099,https://www.swiggy.com/restaurants/baker-street-bistupur-jamshedpur-183009,"Baker Street, NEAR HERO SHOWROOM,DIAGOANAL ROAD, BISTUPUR, JAMSHEDPUR",Menu/183009.json
127,174586,Dasaprakash,Adityapur,4.3,100+ ratings,₹ 400,"South Indian,North Indian",11119006000104,https://www.swiggy.com/restaurants/dasaprakash-ashirwad-building-outer-circle-road-bistupur-jamshedpur-174586,"Dasaprakash, ASHIRWAD BUILDING,OUTER CIRCLE ROAD,BISTUPUR",Menu/174586.json
128,494588,Kailash Parbath,Adityapur,--,Too Few Ratings,₹ 400,"Chaat,Biryani",21122254000105,https://www.swiggy.com/restaurants/kailash-parbath-bistupur-jamshedpur-494588,"Kailash Parbath, KT09,FOOD COURT ,P&M&HITECH MALL  BISTUPUR, Bistupur, Muncipality, Purbi  Singhbhum, Jharkhand - 831001",Menu/494588.json
129,102042,Biryani House,Adityapur,2.9,20+ ratings,₹ 499,"Biryani,Indian",11117006000117,https://www.swiggy.com/restaurants/biryani-house-bistupur-jamshedpur-102042,"Biryani House, Crystal Square, kharkhai road link road, Bistupur, Jamshedpur",Menu/102042.json
130,431339,Little Metro,Adityapur,3.9,100+ ratings,₹ 200,"North Indian,Chinese",21122254000233,https://www.swiggy.com/restaurants/little-metro-bistupur-jamshedpur-431339,"Little Metro, Bhadani Trade Center, R. Road, (near  rollacosta), Jamshedpur-831001, Kadma,  Muncipality, Purbi Singhbhum,  Jharkhand-831001",Menu/431339.json
131,109550,The Madrasi Hotel,Adityapur,4.3,100+ ratings,₹ 299,South Indian,11117006000022,https://www.swiggy.com/restaurants/the-madrasi-hotel-bistupur-jamshedpur-109550,"The Madrasi Hotel, 10, J.Road, Bistupur, Jamshedpur",Menu/109550.json
132,477628,Grameen Kulfi,Adityapur,4.5,100+ ratings,₹ 120,"Ice Cream,Desserts",21121254000735,https://www.swiggy.com/restaurants/grameen-kulfi-bistupur-jamshedpur-477628,"Grameen Kulfi, 1st Floor, Outer Circle Rd, Dey Complex, Building No.5, near Kantilal Medica Hospital, South Park, Bistupur, Jamshedpur, Jharkhand 831001",Menu/477628.json
133,129550,Asian Inn,Adityapur,4.0,1K+ ratings,₹ 399,"Indian,Tandoor",11117006000048,https://www.swiggy.com/restaurants/asian-inn-bistupur-jamshedpur-129550,"Asian Inn, 89, DHATIDIH MARKET , DATKIDIH",Menu/129550.json
134,387674,Biggies Burger,Adityapur,3.8,100+ ratings,₹ 300,"American,Fast Food",21121254000023,https://www.swiggy.com/restaurants/biggies-burger-bistupur-jamshedpur-387674,"Biggies Burger, H NO. - NIL04, KASHI KUNJ, ROAD NO. - 2 BISTUPUR, MUNICIPALITY, PURBI SINGHBHUM, JHARKHAND - 831001",Menu/387674.json
135,183165,Kaveri (Adityapur),Adityapur,3.5,100+ ratings,₹ 200,Indian,21117083000238,https://www.swiggy.com/restaurants/kaveri-adityapur-m-3-adityapur-jamshedpur-183165,"Kaveri (Adityapur), NIT, M-3, ADITYAPUR, JAMSHEDPUR",Menu/183165.json
136,310273,Scoops Of Joy,Adityapur,--,Too Few Ratings,₹ 200,"Ice Cream,Desserts",21120254000341,https://www.swiggy.com/restaurants/scoops-of-joy-bistupur-jamshedpur-310273,"Scoops Of Joy, 3RD FLOOR, DREAM HEIGHTS BUILDING, Q ROAD, SOUTH PARK, BISTUPUR, JAMSHEDPUR",Menu/310273.json
137,293915,Subway,Adityapur,3.3,100+ ratings,₹ 350,"Healthy Food,Salads",11116006000161,https://www.swiggy.com/restaurants/subway-bistupur-jamshedpur-293915,"Subway, Road no. 2, Contractors area, Bistupur, Jamshedpur",Menu/293915.json
138,131676,Deep Chinese Fast Food,Adityapur,--,Too Few Ratings,₹ 200,Chinese,21119100000000,https://www.swiggy.com/restaurants/deep-chinese-fast-food-bistupur-jamshedpur-131676,"Deep Chinese Fast Food, Line no 1 holding no. 4 gurudwara basti, bistupur, jamshedpur",Menu/131676.json
139,109258,What's up Food,Adityapur,3.6,20+ ratings,₹ 200,Chinese,21119243000021,https://www.swiggy.com/restaurants/whats-up-food-bistupur-sonari-jamshedpur-109258,"What's up Food, Inner Circular Road, TMH Back Gate, Near Shambhu Paan Bhandhar, Bistupur, Jamshedpur",Menu/109258.json
140,483552,AUROUS RESTRO LOUNGE,Adityapur,4.0,100+ ratings,₹ 500,"Continental,American",21121254000706,https://www.swiggy.com/restaurants/aurous-restro-lounge-bistupur-jamshedpur-483552,"AUROUS RESTRO LOUNGE, SHANGRILLA TOWER 1ST FLOOR  SHANGRILLA TOWER,SB SHOP AREA MAIN  ROAD,BISTUPUR, Bistupur, Muncipality,  Purbi Singhbhum, Jharkhand - 831001",Menu/483552.json
141,517939,The Novelty,Adityapur,2.7,20+ ratings,₹ 249,"South Indian,Chinese",21121272000247,https://www.swiggy.com/restaurants/the-novelty-adityapur-jamshedpur-517939,"The Novelty, M- 4 , NIT Coperative Society , NIT Main  Road , Adityapur 2 , District - Saraikela  Kharaswan , Jharkhand , ADITYAPUR-2,  ROAD NO- 3,4,5,6,7,8,9,10, NAGAR NIGAM  (ADITYAPUR), Saraikela, Jharkhand -",Menu/517939.json
142,154840,Anand,Adityapur,4.3,500+ ratings,₹ 299,"South Indian,Indian",11120006000027,https://www.swiggy.com/restaurants/anand-bistupur-jamshedpur-154840,"Anand, 7 J-road bistupr",Menu/154840.json
143,494001,Kolkata Biryani - Jugsalai,Adityapur,3.8,50+ ratings,₹ 150,Biryani,21118060001054,https://www.swiggy.com/restaurants/kolkata-biryani-jugsalai-bistupur-jamshedpur-494001,"Kolkata Biryani - Jugsalai, Near jugsalai Railway fatak, Jugsalai, P.O & P.SJugsala, Churda,Patamda,purbi Singhbhum,Jharkhand,831006",Menu/494001.json
144,489362,Mahi Momos,Adityapur,--,Too Few Ratings,₹ 200,Chinese,21121254000677,https://www.swiggy.com/restaurants/mahi-momos-bistupur-jamshedpur-489362,"Mahi Momos, J ROAD NEAR MRS.KMPM VOCATIONAL  COLLEGE BISTUPUR JAMSHEDPUR,  Bistupur, Muncipality, Purbi Singhbhum,  Jharkhand - 831001",Menu/489362.json
145,510109,The Bawarchi,Adityapur,2.5,20+ ratings,₹ 150,"North Indian,Chinese",21122060000125,https://www.swiggy.com/restaurants/the-bawarchi-bistupur-jamshedpur-510109,"The Bawarchi, GNS Tower, Ram Das Bhatta, Bistupur, Jamshedpur, Jharkhand 831005",Menu/510109.json
146,249335,BEYOND TEMPTATION,Adityapur,3.3,20+ ratings,₹ 199,"Pizzas,Pastas",21119254000260,https://www.swiggy.com/restaurants/beyond-temptation-bistupur-jamshedpur-249335,"BEYOND TEMPTATION, E/3, RAM DAS BHATTA ROAD, MUNCIPALITY",Menu/249335.json
147,174458,Milanee s Kitchen,Adityapur,4.2,100+ ratings,₹ 399,"Bengali,Indian",11120006000071,https://www.swiggy.com/restaurants/milanee-s-kitchen-womens-college-bistupur-jamshedpur-174458,"Milanee s Kitchen, J Road, infront of women's college, bistupur, jamshedpur",Menu/174458.json
148,129691,Al Karim Fast Food,Adityapur,4.2,100+ ratings,₹ 200,"Street Food,Chinese",21121253000473,https://www.swiggy.com/restaurants/al-karim-fast-food-bistupur-sonari-jamshedpur-129691,"Al Karim Fast Food, DHATKIDIH , B BLOCK , LINE NO 01 , H NO 04 ,NEAR KIDS INTERNATIONAL PLAY  SCOOL",Menu/129691.json
149,139864,Raj Sweets and Snackes (Sindhi),Adityapur,3.7,20+ ratings,₹ 200,"Indian,South Indian",21118060000062,https://www.swiggy.com/restaurants/raj-sweets-and-snackes-sindhi-bistupur-jamshedpur-139864,"Raj Sweets and Snackes (Sindhi), Raj Sweets, Main Road Bistupur, Near Auto stand, Opposite Canara Bank, Jamshedpur",Menu/139864.json
150,486482,The Moti Mahal,Adityapur,3.2,100+ ratings,₹ 399,"Indian,Chinese",21122254000062,https://www.swiggy.com/restaurants/the-moti-mahal-bistupur-jamshedpur-486482,"The Moti Mahal, BESIDE CHAGANLAL JEWELERS OPP  FLOWER SHOP BISTUPUR MARKET,  Bistupur, Muncipality, Purbi Singhbhum,  Jharkhand - 831001",Menu/486482.json
151,109839,Manohar Maharaj & Sons,Adityapur,4.3,50+ ratings,₹ 100,"South Indian,Chaat",21119060000211,https://www.swiggy.com/restaurants/manohar-maharaj-and-sons-bistupur-jamshedpur-109839,"Manohar Maharaj & Sons, 1/14, Bistupur Market, Bistupur, Jamshedpur",Menu/109839.json
152,102219,Chinese Inn,Adityapur,4.2,50+ ratings,₹ 399,"Chinese,Indian",11120006000026,https://www.swiggy.com/restaurants/chinese-inn-bistupur-jamshedpur-102219,"Chinese Inn, Contractors area, Bistupur, Jamshedpur",Menu/102219.json
153,364571,DELLISH,Adityapur,3.6,20+ ratings,₹ 300,"Chinese,Continental",21119254000264,https://www.swiggy.com/restaurants/dellish-bistupur-jamshedpur-364571,"DELLISH, H NO. - NIL 32, 8TH AVENUE, SOUTHERN TOWN, BISTUPUR, P.O. & P.S,  BISTUPUR, MUNICIPALITY, PURBI SINGHBHUM (JHARKHAND) - 831001",Menu/364571.json
154,413342,Ramesh Kulfi,Adityapur,3.3,20+ ratings,₹ 200,"Chinese,North Indian",21118060000997,https://www.swiggy.com/restaurants/ramesh-kulfi-bistupur-jamshedpur-413342,"Ramesh Kulfi, Masala Patti Bistupur,Near Fruit  Market,Jamshedpur,Jamshedpur Urban,Purbi Singhbhum,Jharkhand-831001",Menu/413342.json
155,387177,New Gangour Sweets,Adityapur,4.1,50+ ratings,₹ 200,"Sweets,Snacks",11118006000168,https://www.swiggy.com/restaurants/new-gangour-sweets-bistupur-jamshedpur-387177,"New Gangour Sweets, SBI BUILDING, RAILWAY CROSSING, JUGSALAI, JAMSHEDPUR22",Menu/387177.json
156,141706,Fakira Chanachur,Adityapur,4.3,20+ ratings,₹ 199,Snacks,21118060000822,https://www.swiggy.com/restaurants/fakira-chanachur-bistupur-jamshedpur-141706,"Fakira Chanachur, MAIN ROAD CO KIOSK, B.20 B INFRONT KAMANI CENTRE, BISTUPUR, JAMSHEDPUR",Menu/141706.json
157,501701,Yash Siddhant Takeaway,Adityapur,--,Too Few Ratings,₹ 100,"South Indian,Chinese",license,https://www.swiggy.com/restaurants/yash-siddhant-takeaway-bistupur-jamshedpur-501701,"Yash Siddhant Takeaway, Chowk bazar opposite Bank of  Baroda Jugsalai ,  Jamshedpur, Purbi Singhbhum, ,  Jharkhand",Menu/501701.json
158,456922,Sehat World,Adityapur,3.8,20+ ratings,₹ 50,"Beverages,Italian",21121254000649,https://www.swiggy.com/restaurants/sehat-world-bistupur-jamshedpur-456922,"Sehat World, E3 RoadRam Das BhattaBistupur Jamshedpur Jharkhand 831001India",Menu/456922.json
159,102582,Brubeck Bakery,Adityapur,4.1,100+ ratings,₹ 200,"Bakery,Desserts",11118006000151,https://www.swiggy.com/restaurants/brubeck-bakery-bistupur-jamshedpur-102582,"Brubeck Bakery, Dcosta mansion, main road Bistupur",Menu/102582.json
160,405031,Annapurna,Adityapur,4.2,20+ ratings,₹ 200,"Chinese,Tandoor",11119006000200,https://www.swiggy.com/restaurants/annapurna-bistupur-jamshedpur-405031,"Annapurna, HOTEL CASTLE,ROAD NO - 2,CONTRACTOR'S AREA,BISTUPUR, Jamshedpur Urban, Purbi Singhbhum(Jharkhand) -831001",Menu/405031.json
161,263185,The Chocolate Room,Adityapur,3.7,20+ ratings,₹ 400,"Bakery,Beverages",21117060000473,https://www.swiggy.com/restaurants/the-chocolate-room-bistupur-jamshedpur-263185,"The Chocolate Room, SHOP NO - 2 ,JYOTI APARTMENT CONTRACTOR'S AREA , BISTUPUR",Menu/263185.json
162,109549,Le Bon,Adityapur,4.2,100+ ratings,₹ 399,"Bakery,Pizzas",11119006000047,https://www.swiggy.com/restaurants/le-bon-bistupur-jamshedpur-109549,"Le Bon, Aviskar Tower, Inner Circle Road, Bistupur",Menu/109549.json
163,487422,Foodie Baba,Adityapur,--,Too Few Ratings,₹ 200,"Chinese,South Indian",21120272000100,https://www.swiggy.com/restaurants/foodie-baba-adityapur-jamshedpur-487422,"Foodie Baba, M-43, RIT, Co-operative society, Ichhapur Durgapuja Maidan, Gwalapara, Adityapur-2, Adityapur, Jamshedpur",Menu/487422.json
164,163436,New Chappan Bhog - Bistupur,Adityapur,4.3,20+ ratings,₹ 200,"Sweets,Snacks",license,https://www.swiggy.com/restaurants/new-chappan-bhog-bistupur-bistupur-jamshedpur-163436,"New Chappan Bhog - Bistupur, chappan bhog, bistupur, main road",Menu/163436.json
165,282630,TIME OUT,Adityapur,4.1,100+ ratings,₹ 299,"Chaat,South Indian",11117006000044,https://www.swiggy.com/restaurants/time-out-bistupur-jamshedpur-282630,"TIME OUT, Road no.3, contractors area, Bistupur, Jamshedpur",Menu/282630.json
166,255651,GUAVA - ALL DAY BISTRO,Adityapur,3.8,50+ ratings,₹ 300,"Chinese,Biryani",11119006000209,https://www.swiggy.com/restaurants/guava-all-day-bistro-bistupur-jamshedpur-255651,"GUAVA - ALL DAY BISTRO, ASL Tower, Lower Ground Floor, Road No. 4, Contractors Area, Bistupur, Jamshedpur, Jamshedpur Urban, Purbi Singhbhum(Jharkhand) -831001",Menu/255651.json
167,549624,Laziz Biryani,Adityapur,--,Too Few Ratings,₹ 150,Biryani,21122254000236,https://www.swiggy.com/restaurants/laziz-biryani-bistupur-jamshedpur-549624,"Laziz Biryani, Ground Floor, GNS Tower, Ram Das  Bhatta, Bistupur, Muncipality, Purbi  Singhbhum, , Jharkhand, 831001",Menu/549624.json
168,413451,Chulha Chauka,Adityapur,3.5,20+ ratings,₹ 100,"Thalis,Indian",21121053000105,https://www.swiggy.com/restaurants/chulha-chauka-bistupur-jamshedpur-413451,"Chulha Chauka, Near Royal Enfield Service Center - Ndg Motors Pvt. Ltd. Front of Munilal Hotel.",Menu/413451.json
169,523044,Olive  Multicuisine Restaurant,Adityapur,4.0,50+ ratings,₹ 300,"Chinese,North Indian",21122253000221,https://www.swiggy.com/restaurants/olive-multicuisine-restaurant-bistupur-jamshedpur-523044,"Olive  Multicuisine Restaurant, HOTEL GRAND RESIDENCY KADMA  JAMSHEDPUR PS KADMA, Kadma,  Jamshedpur, Purbi Singhbhum, Jharkhand  - 831005",Menu/523044.json
170,102038,Hong Kong,Adityapur,4.0,20+ ratings,₹ 400,Chinese,11112006000304,https://www.swiggy.com/restaurants/hong-kong-bistupur-jamshedpur-102038,"Hong Kong, Contractors Area, Near The Sonnet Hotel, Bistupur, Jamshedpur",Menu/102038.json
171,403754,BAKING BOND,Adityapur,4.4,20+ ratings,₹ 199,"Bakery,Desserts",11119006000282,https://www.swiggy.com/restaurants/baking-bond-mango-bistupur-jamshedpur-403754,"BAKING BOND, H NO. 6, GYATRI ENCLAVE, KHAO GALI, BISTUPUR, JAMSHEDPUR - 831001",Menu/403754.json
172,545808,MUMMY SPECIAL KITCHEN,Adityapur,--,Too Few Ratings,₹ 250,"Indian,Chinese",21122254000228,https://www.swiggy.com/restaurants/mummy-special-kitchen-bistupur-jamshedpur-545808,"MUMMY SPECIAL KITCHEN, Near J Road,Bistupur,PURBI SINGBHUM ,  Jamshedpur -831001",Menu/545808.json
173,439417,DESI BIDESI,Adityapur,--,Too Few Ratings,₹ 200,North Indian,21121083000227,https://www.swiggy.com/restaurants/desi-bidesi-bistupur-jamshedpur-439417,"DESI BIDESI, D B FOODS & SERVICES, SHOP NO -1 , BUMBRA ENCLAVE DIAGONAL ROAD, BISTUPUR, JAMSHEDPUR, Muncipality, Purbi Singhbhum, , Jharkhand, 831001",Menu/439417.json
174,390478,Puja Bhojnalaya,Adityapur,--,Too Few Ratings,₹ 200,"Indian,Biryani",21121053000053,https://www.swiggy.com/restaurants/puja-bhojnalaya-bistupur-jamshedpur-390478,"Puja Bhojnalaya, Puja Bhojnalay, Bistupur, Near Blue Sapphire,Bistupur Market,Bistupur-831001",Menu/390478.json
175,103649,Blooms,Adityapur,3.8,50+ ratings,₹ 250,Indian,11116006000089,https://www.swiggy.com/restaurants/blooms-bistupur-jamshedpur-103649,"Blooms, Aditya tower Bistupur main road",Menu/103649.json
176,430451,Chai Break,Adityapur,4.3,20+ ratings,₹ 400,"North Indian,Chinese",11121006000185,https://www.swiggy.com/restaurants/chai-break-bistupur-jamshedpur-430451,"Chai Break, Regal Square, 3rd Floor, Opp. Regal Ground, Bistupur, P.O. & P.S. Bistupur, Jamshedpur, Jamshedpur Urban, Purbi Singhbhum, Jharkhand-831001",Menu/430451.json
177,518548,BIRYANI  WALE,Adityapur,2.4,50+ ratings,₹ 200,Biryani,21122060000125,https://www.swiggy.com/restaurants/biryani-wale-bistupur-jamshedpur-518548,"BIRYANI  WALE, Q5WG+F73, Ram Das Bhatta, Bistupur, Jamshedpur, Jharkhand 831005, India",Menu/518548.json
178,518819,Kebabchi,Adityapur,--,Too Few Ratings,₹ 300,"Indian,Snacks",21122254000057,https://www.swiggy.com/restaurants/kebabchi-bistupur-jamshedpur-518819,"Kebabchi, MUNESHWARI BHAWAN, ROAD NO 2, B1, CONTRACTORS AREA, PS BISTUPUR,, Bistupur, Muncipality, Purbi Singhbhum, Jharkhand - 831001",Menu/518819.json
179,447526,Pizza Peddler,Adityapur,3.8,50+ ratings,₹ 200,"Pizzas,Pastas",license,https://www.swiggy.com/restaurants/pizza-peddler-bistupur-jamshedpur-447526,"Pizza Peddler, SHOP NO. 21, DHATKIDIH MARKET,  DHATKIDIH, Muncipality, Purbi  Singhbhum, , Jharkhand, 831001",Menu/447526.json
180,102579,Veggie Corner( Hotel Nataraj),Adityapur,4.3,20+ ratings,₹ 499,"Pizzas,South Indian",license,https://www.swiggy.com/restaurants/veggie-corner-hotel-nataraj-bistupur-jamshedpur-102579,"Veggie Corner( Hotel Nataraj), Bistupur Main Road, Bistupur, Jamshedpur",Menu/102579.json
181,126128,Dosa king,Adityapur,--,Too Few Ratings,₹ 200,South Indian,11112006000304,https://www.swiggy.com/restaurants/dosa-king-bistupur-jamshedpur-126128,"Dosa king, Bistupur main road",Menu/126128.json
182,518803,Bhatia Milkshake,Adityapur,4.3,20+ ratings,₹ 299,Beverages,21121254000084,https://www.swiggy.com/restaurants/bhatia-milkshake-bistupur-jamshedpur-518803,"Bhatia Milkshake, 8,9 C-1, FRUIT MARKET, BISTUPUR,  JAMSHEDPUR, Bistupur, Muncipality, Purbi  Singhbhum, Jharkhand - 831001",Menu/518803.json
183,377434,Candle light,Adityapur,--,Too Few Ratings,₹ 250,"Indian,Chinese",21119254000185,https://www.swiggy.com/restaurants/candle-light-bistupur-jamshedpur-377434,"Candle light, 2nd floor, bhagwan das building , beside P C jwellers, main road , bistupur - 831001",Menu/377434.json
184,442180,RECIPE,Adityapur,--,Too Few Ratings,₹ 300,"Indian,Bengali",21121254000351,https://www.swiggy.com/restaurants/recipe-bistupur-jamshedpur-442180,"RECIPE, HOLDING NO- Nil , SITUATED Q ROAD SOUTH PARK AREA, BISTUPUR, MUNCIPALITY, PURBI SINGHBHUM, JHARKHAND -831001",Menu/442180.json
185,129551,Equinox,Adityapur,4.5,20+ ratings,₹ 400,"Indian,Chinese",11116006000222,https://www.swiggy.com/restaurants/equinox-bistupur-jamshedpur-129551,"Equinox, The Sonnet Hotel, Contractor Area",Menu/129551.json
186,577891,THE BOULANGERIE,Adityapur,--,Too Few Ratings,₹ 300,"Bakery,Burgers",21122238000061,https://www.swiggy.com/restaurants/the-boulangerie-bistupur-jamshedpur-577891,"THE BOULANGERIE, P.O.-RAKHA COPPER PROJECT,JADUGORA,TETULDANGA, Rakha Copper Project, Ghatsila, Purbi Singhbhum, Jharkhand - 831001",Menu/577891.json
187,462172,MOTHER'S BAKERY,Adityapur,--,Too Few Ratings,₹ 200,Bakery,21121083000202,https://www.swiggy.com/restaurants/mothers-bakery-adityapur-jamshedpur-462172,"MOTHER'S BAKERY, 53/2/4, Road no 17, Adityapur 1, site no. 1 , beside patanjali store",Menu/462172.json
188,104481,Thanco's Natural Ice Cream,Adityapur,4.5,20+ ratings,₹ 299,Ice Cream,11116006000086,https://www.swiggy.com/restaurants/thancos-natural-ice-cream-bistupur-jamshedpur-104481,"Thanco's Natural Ice Cream, Bistupur main road",Menu/104481.json
189,536499,Gopalram Restaurant,Adityapur,--,Too Few Ratings,₹ 100,"South Indian,Chinese",license,https://www.swiggy.com/restaurants/gopalram-restaurant-bistupur-jamshedpur-536499,"Gopalram Restaurant, Road no 2, contractors area,  bistupur, jamshedpur, Muncipality,  Purbi Singhbhum, , Jharkhand",Menu/536499.json
190,532670,MEDIVALS MEAL,Adityapur,--,Too Few Ratings,₹ 250,"Chinese,Indian",license,https://www.swiggy.com/restaurants/medivals-meal-bistupur-jamshedpur-532670,"MEDIVALS MEAL, Q5WG+F73, Ram Das Bhatta, Bistupur, Jamshedpur, Jharkhand 831005, India",Menu/532670.json
191,113036,Kwality,Adityapur,4.0,20+ ratings,₹ 499,"Indian,Chinese",11116006000030,https://www.swiggy.com/restaurants/kwality-bistupur-jamshedpur-113036,"Kwality, Main Road Bistupur",Menu/113036.json
192,536328,Chinese Fusion,Adityapur,--,Too Few Ratings,₹ 200,Indian,21122060000125,https://www.swiggy.com/restaurants/chinese-fusion-bistupur-jamshedpur-536328,"Chinese Fusion, GNS Tower, Ram Das Bhatta, Bistupur, Jamshedpur, Jharkhand 831005",Menu/536328.json
193,109548,Bon Appetit,Adityapur,4.1,20+ ratings,₹ 300,"Indian,Chinese",11121006000103,https://www.swiggy.com/restaurants/bon-appetit-bistupur-jamshedpur-109548,"Bon Appetit, Aviskar Tower, Bistupur Inner Circle Road",Menu/109548.json
194,364627,JH05 Cafe,Adityapur,--,Too Few Ratings,₹ 200,"Chinese,Beverages",11121006000083,https://www.swiggy.com/restaurants/jh05-cafe-bistupur-jamshedpur-364627,"JH05 Cafe, COKE DEPO, M ROAD, BISTUPUR, P.O. & P.S. Bistupur, Muncipality, Purbi Singhbhum (Jharkhand), - 831001",Menu/364627.json
195,104147,Social 75,Adityapur,4.0,20+ ratings,₹ 399,"Continental,Indian",21118060000309,https://www.swiggy.com/restaurants/social-75-bistupur-jamshedpur-104147,"Social 75, Aditya Tower, Bistupur main road, Jamshedpur",Menu/104147.json
196,553404,AADD M AADD B,Adityapur,--,Too Few Ratings,₹ 180,"Ice Cream,Beverages",21122254000217,https://www.swiggy.com/restaurants/aadd-m-aadd-b-bistupur-jamshedpur-553404,"AADD M AADD B, Q5VM+2JC, N Rd, South Park, Bistupur, Jamshedpur, Jharkhand 831001, India",Menu/553404.json
197,271964,Baskin Robbins,Adityapur,4.6,50+ ratings,₹ 250,"Desserts,Ice Cream",21116060000033,https://www.swiggy.com/restaurants/baskin-robbins-bistupur-jamshedpur-271964,"Baskin Robbins, EW20,MAIN ROAD, BISTUPUR NEAR BANK OF BARODA JAMSHEDPUR EAST SINGHBHUM, JHARKHAND",Menu/271964.json
198,102041,Blue Sapphire,Adityapur,--,Too Few Ratings,₹ 200,"Indian,Biryani",11112006000029,https://www.swiggy.com/restaurants/blue-sapphire-bistupur-jamshedpur-102041,"Blue Sapphire, Shop No. 6A, Line No. 4, Bistupur Market, Jamshedpur",Menu/102041.json
199,497063,BAMBOO CAFE,Adityapur,--,Too Few Ratings,₹ 100,"Indian,Chinese",license,https://www.swiggy.com/restaurants/bamboo-cafe-bistupur-jamshedpur-497063,"BAMBOO CAFE, G.NS TOWER RAMDAS BHATTA BISTUPUR",Menu/497063.json
200,378028,Sagar's Kitchen Kraft,Adityapur,3.7,50+ ratings,₹ 199,"Indian,Chinese",21121254000223,https://www.swiggy.com/restaurants/sagars-kitchen-kraft-bistupur-jamshedpur-378028,"Sagar's Kitchen Kraft, HOLDING NO 1, LINE NO 4, BISTUPUR MARKET, BESIDE SAGAR SWEETS,  PurbiSinghbhum, Jharkhand-831001",Menu/378028.json
201,549633,Pajji Da Lassi,Adityapur,--,Too Few Ratings,₹ 100,Beverages,21122254000236,https://www.swiggy.com/restaurants/pajji-da-lassi-bistupur-jamshedpur-549633,"Pajji Da Lassi, Ground Floor, GNS Tower, Ram Das  Bhatta, Bistupur, Muncipality, Purbi  Singhbhum, , Jharkhand, 831001",Menu/549633.json
202,143194,Fakira Chanachur (Tulsi Bhawan),Adityapur,--,Too Few Ratings,₹ 100,"Indian,Snacks",21118060000822,https://www.swiggy.com/restaurants/fakira-chanachur-tulsi-bhawan-bistupur-jamshedpur-143194,"Fakira Chanachur (Tulsi Bhawan), 30 TULSI BHAWAN, BISTUPUR, JAMSHEDPUR",Menu/143194.json
203,327008,The Food Circus,Adityapur,--,Too Few Ratings,₹ 299,"Chinese,Continental",21120254000327,https://www.swiggy.com/restaurants/the-food-circus-bistupur-jamshedpur-327008,"The Food Circus, Contractors Area Road No 2, Contractors Area, Bistupur, Jamshedpur, Jharkhand, India",Menu/327008.json
204,497638,Crunchicken,Adityapur,--,Too Few Ratings,₹ 300,"Indian,American",11122006000002,https://www.swiggy.com/restaurants/crunchicken-bistupur-jamshedpur-497638,"Crunchicken, Shop No. 21, Millennium Tower, R-Road, BIstupur, P.O. & P.S. Bistupur, Jamshedpur, Jamshedpur Urban, Purbi Singhbhum, Jharkhand-831001",Menu/497638.json
205,580202,Delight Foods,Adityapur,--,Too Few Ratings,₹ 200,Indian,21119253000099,https://www.swiggy.com/restaurants/delight-foods-bistupur-jamshedpur-580202,"Delight Foods, H.no DE3 Rani kudar Rd bhatta shop kadma",Menu/580202.json
206,377292,SAGAR SWEETS,Adityapur,--,Too Few Ratings,₹ 250,"Indian,Snacks",11119006000049,https://www.swiggy.com/restaurants/sagar-sweets-bistupur-jamshedpur-377292,"SAGAR SWEETS, L4/1, Bistupur Market, P.O. & P.S. Bistupur , Jamshedpur Urban, Purbi Singhbhum, Jharkhand-831001",Menu/377292.json
207,102571,Spice Zone( Hotel Nataraj),Adityapur,--,Too Few Ratings,₹ 250,Indian,11120006000112,https://www.swiggy.com/restaurants/spice-zone-hotel-nataraj-bistupur-jamshedpur-102571,"Spice Zone( Hotel Nataraj), Natraj Mansion Main Road Bistupur - 831001",Menu/102571.json
208,476303,Lion's Pride,Adityapur,3.5,20+ ratings,₹ 200,North Indian,21121254000517,https://www.swiggy.com/restaurants/lions-pride-bistupur-jamshedpur-476303,"Lion's Pride, KRISHNA KUNJ  INNER CIRCLE ROAD",Menu/476303.json
209,451742,Mainland India,Adityapur,--,Too Few Ratings,₹ 200,"Indian,Thalis",license,https://www.swiggy.com/restaurants/mainland-india-bistupur-jamshedpur-451742,"Mainland India, 2ND FLOOR, ADITYA TOWER, MAIN  ROAD, BISTUPUR, JASMHEDPUR,  Muncipality, Purbi Singhbhum, ,  Jharkhand, 831001",Menu/451742.json
210,451743,So china,Adityapur,--,Too Few Ratings,₹ 299,"Chinese,Tibetan",license,https://www.swiggy.com/restaurants/so-china-bistupur-jamshedpur-451743,"So china, 2ND FLOOR, ADITYA TOWER, MAIN  ROAD, BISTUPUR, JASMHEDPUR,  Muncipality, Purbi Singhbhum, ,  Jharkhand, 831001",Menu/451743.json
211,116272,Cafe Regal,Adityapur,--,Too Few Ratings,₹ 200,"Fast Food,Snacks",21119060000045,https://www.swiggy.com/restaurants/cafe-regal-bistupur-jamshedpur-116272,"Cafe Regal, 33, Regal building, Bistupur main road",Menu/116272.json
212,102581,Chopsticks,Adityapur,3.3,20+ ratings,₹ 499,"Indian,Chinese",11118006000155,https://www.swiggy.com/restaurants/chopsticks-bistupur-jamshedpur-102581,"Chopsticks, Dcosta mansion, main road Bistupur",Menu/102581.json
213,508701,Momo Kitchen,Adityapur,--,Too Few Ratings,₹ 200,"Chinese,Snacks",21122272000048,https://www.swiggy.com/restaurants/momo-kitchen-adityapur-jamshedpur-508701,"Momo Kitchen, A, Rd no.4,phase-2, Anand vihar, Adityapur, Jamshedpur, Jharkhand 832109, India",Menu/508701.json
214,549383,AL- HUSSAIN RESTAURANT,Adityapur,--,Too Few Ratings,₹ 300,"Chinese,Biryani",21122254000144,https://www.swiggy.com/restaurants/al-hussain-restaurant-bistupur-jamshedpur-549383,"AL- HUSSAIN RESTAURANT, SHOP NO. 2 , DHATKIDIH MARKET AREA, BISTUPUR, MUNICIPALITY, PURBI SINGBHUM , JHARKHAND -831001",Menu/549383.json
215,440950,Taste of China,Adityapur,--,Too Few Ratings,₹ 199,"Chinese,Thai",license,https://www.swiggy.com/restaurants/taste-of-china-bistupur-jamshedpur-440950,"Taste of China, SHOP NO. 89, DHATKIDIH MARKET,  BISTUPUR, Muncipality, Purbi  Singhbhum, , Jharkhand, 831001",Menu/440950.json
216,355561,TAZ CAKES N MOUSSE.,Adityapur,--,Too Few Ratings,₹ 200,Desserts,21121060000044,https://www.swiggy.com/restaurants/taz-cakes-n-mousse-bistupur-jamshedpur-355561,"TAZ CAKES N MOUSSE., SULTANIA MANSION , PURANI BASTI  ROAD, INFRONT OF AL MADINA MEDICAL  STORE, JUGSALAI , JAMSHEDPUR 831006,  Jugsalai, Jamshedpur Urban, Purbi  Singhbhum, Jharkhand-831006",Menu/355561.json
217,462505,Tasty Spoon & Gungun Tiffin,Adityapur,--,Too Few Ratings,₹ 200,"Indian,Chinese",21121253000146,https://www.swiggy.com/restaurants/tasty-spoon-and-gungun-tiffin-bistupur-jamshedpur-462505,"Tasty Spoon & Gungun Tiffin, Krishna complex Near vishwakarma mandir Barbera db road",Menu/462505.json
218,186264,New US Pizza,Adityapur,3.6,100+ ratings,₹ 299,"Pizzas,Snacks",21117060000667,https://www.swiggy.com/restaurants/new-us-pizza-bistupur-jamshedpur-186264,"New US Pizza, J P Road, Bagbera Colony, Jugsalai, Jamshedpur, Jharkhand, India",Menu/186264.json
219,211142,Bhook Pyaas,Adityapur,3.5,20+ ratings,₹ 200,"Chinese,Indian",11119006000262,https://www.swiggy.com/restaurants/bhook-pyaas-bistupur-jamshedpur-211142,"Bhook Pyaas, Station Road, Kumar Chowk, Jugsalai, Jamshedpur, Jharkhand, India",Menu/211142.json
220,489422,Aditi Foods,Adityapur,3.8,20+ ratings,₹ 100,Indian,21118060000753,https://www.swiggy.com/restaurants/aditi-foods-b-h-area-kadma-bh-area-kadma-jamshedpur-489422,"Aditi Foods, D B M S Canteen Road No-7 B,H area, Municipality, Purbi Singbhum, Jharkhand, 831005",Menu/489422.json
221,401391,Chinimama,Adityapur,4.3,20+ ratings,₹ 199,"Chinese,Biryani",21122053000098,https://www.swiggy.com/restaurants/chinimama-bistupur-jamshedpur-401391,"Chinimama, Block No. 92/2/4, Road No. 3, Bagbera  Colony, Bagbera, Jamshedpur, Purbi  Singhbhum, Jharkhand - 831002",Menu/401391.json
222,354669,Brunch Italino (Kadma Market),Adityapur,3.9,20+ ratings,₹ 200,"Bakery,Desserts",license,https://www.swiggy.com/restaurants/brunch-italino-kadma-market-sonari-jamshedpur-354669,"Brunch Italino (Kadma Market), KADMA BAZAAR, BESIDE SWEET MART,  Purbi Singhbhum, Jharkhand-831005",Menu/354669.json
223,519622,Rajasthan Sharma Hotel,Adityapur,--,Too Few Ratings,₹ 200,"Sweets,Snacks",11121006000205,https://www.swiggy.com/restaurants/rajasthan-sharma-hotel-bistupur-jamshedpur-519622,"Rajasthan Sharma Hotel, PLOT NO. 70-71, STRAIGHT MILE ROAD, MAIN ROAD DHATKIDIH, P.O & P.S, BISTUPUR, JAMSHEDPUR, JAMSHEDPUR URBAN, PURBI SINGHBHUM, JHARKHAND - 831001",Menu/519622.json
224,153339,Chef Corner,Adityapur,3.9,500+ ratings,₹ 299,"Indian,Chinese",11121006000235,https://www.swiggy.com/restaurants/chef-corner-sonari-jamshedpur-153339,"Chef Corner, 1ST FLOOR,SARLA COMPLEX, KADMA MARKET",Menu/153339.json
225,443028,Brunch Italiano,Adityapur,--,Too Few Ratings,₹ 200,"Bakery,Desserts",21121253000004,https://www.swiggy.com/restaurants/brunch-italiano-bistupur-jamshedpur-443028,"Brunch Italiano, Station Road, Opp. Chappan Bhog, Near  Railway Station, Jugsalai, Jugsalai,  Jamshedpur, Purbi Singhbhum, Jharkhand  - 831002",Menu/443028.json
226,226773,AB Palace,Adityapur,3.4,20+ ratings,₹ 200,"Chinese,Indian",21118060000998,https://www.swiggy.com/restaurants/ab-palace-bistupur-jamshedpur-226773,"AB Palace, HOTEL AB PALACE, STATION ROAD, JUGSALAI, JAMSHEDPUR",Menu/226773.json
227,385197,Mathura Mistan Bhandar,Adityapur,4.5,100+ ratings,₹ 200,"Sweets,Snacks",21121253000406,https://www.swiggy.com/restaurants/mathura-mistan-bhandar-sakchi-sonari-jamshedpur-385197,"Mathura Mistan Bhandar, Kadma Bazar,Jamshedpur, Jharkhand-831005",Menu/385197.json
228,431115,Bs Bakery & Cafe,Adityapur,--,Too Few Ratings,₹ 200,"Bakery,Desserts",21121253000011,https://www.swiggy.com/restaurants/bs-bakery-and-cafe-bistupur-jamshedpur-431115,"Bs Bakery & Cafe, 1ST FLOOR, HOTEL MERIDIAN, STATION ROAD, JAMSHEDPUR, Jugsalai, Jamshedpur, Purbi Singhbhum, Jharkhand-831002",Menu/431115.json
229,508583,MUMBAI CHAT,Adityapur,--,Too Few Ratings,₹ 100,Chaat,license,https://www.swiggy.com/restaurants/mumbai-chat-bistupur-jamshedpur-508583,"MUMBAI CHAT, MODI PARK BISTUPUR JAMSHEDPUR",Menu/508583.json
230,132538,Pizzapuram,Adityapur,3.7,100+ ratings,₹ 200,"Pizzas,Italian",21121060000711,https://www.swiggy.com/restaurants/pizzapuram-bistupur-jamshedpur-132538,"Pizzapuram, C H AREA, ROAD NO 5, BANGLOW NO 11,NEAR KIDZEE SCHOOL, SONARI,JAMSHEDPUR",Menu/132538.json
231,394140,SURESH SOUTH INDIAN KITCHEN,Adityapur,--,Too Few Ratings,₹ 200,South Indian,21121253000296,https://www.swiggy.com/restaurants/suresh-south-indian-kitchen-sonari-jamshedpur-394140,"SURESH SOUTH INDIAN KITCHEN, MATHURA MISTAN BHANDAR ROAD, KADMA, JAMSHEDPUR, PURBI SINGHBHUM, JHARKHAND - 831005",Menu/394140.json
232,124500,Gopal Dosa,Adityapur,4.1,100+ ratings,₹ 100,South Indian,21119060000263,https://www.swiggy.com/restaurants/gopal-dosa-sakchi-jamshedpur-124500,"Gopal Dosa, jubliee Park gate, Sackhi, Sakchi, Jamshedpur",Menu/124500.json
233,370259,Apna Adda,Adityapur,4.1,50+ ratings,₹ 150,"Chinese,Snacks",21120253000288,https://www.swiggy.com/restaurants/apna-adda-sonari-jamshedpur-370259,"Apna Adda, Flat No. C3 / 1,4th Floor,Shri Sharda Krishna Apartment,Dhananjay Path,Uliyan,Kadma,Jamshedpur,Purbi Singhbhum,Jharkhand-831005",Menu/370259.json
234,533855,Aryan Maggi Stall,Adityapur,--,Too Few Ratings,₹ 150,"Fast Food,Pastas",21121253000582,https://www.swiggy.com/restaurants/aryan-maggi-stall-bistupur-jamshedpur-533855,"Aryan Maggi Stall, Outer Circle road, Gwalpara, Kadma, Jamshedpur, Purbi Singhbhumi, Jharkhand, 831005",Menu/533855.json
235,125180,Babu Moshai,Adityapur,4.0,50+ ratings,₹ 349,"Indian,Chinese",21118060000695,https://www.swiggy.com/restaurants/babu-moshai-sonari-jamshedpur-125180,"Babu Moshai, SHIVA USHA COMPLEX, ULLIYAN KADMA",Menu/125180.json
236,263297,Junction Restaurant,Adityapur,3.7,1K+ ratings,₹ 399,"Indian,Biryani",11119006000191,https://www.swiggy.com/restaurants/junction-restaurant-sakchi-jamshedpur-263297,"Junction Restaurant, 53,SAKCHI, NEW PLANNING AREA, THAKURBARI ROAD, PURBI SINGHBHUM",Menu/263297.json
237,410629,Mintelaa,Adityapur,--,Too Few Ratings,₹ 1000,"Chinese,Indian",11121006000067,https://www.swiggy.com/restaurants/mintelaa-sakchi-jamshedpur-410629,"Mintelaa, 3RD FLOOR, BASANT CENRAL, HANDI LINE ,PO PS SAKCHI JAMSHEDPUR, PurbiPremises Address Singhbhum, Jharkhand-831001",Menu/410629.json
238,461084,The Bihari  Resturant,Adityapur,4.4,50+ ratings,₹ 200,"North Indian,Snacks",21121253000488,https://www.swiggy.com/restaurants/the-bihari-resturant-bistupur-jamshedpur-461084,"The Bihari  Resturant, Right side from kali Mandir, 416 A, Ecc Flat Ulliyan, kadma Jamshedpur Near-Kerala Public School, Jamshedpur, Jharkhand 831005",Menu/461084.json
239,499377,DELIGHT FOOD CORNER,Adityapur,--,Too Few Ratings,₹ 100,Chinese,21119253000099,https://www.swiggy.com/restaurants/delight-food-corner-bistupur-jamshedpur-499377,"DELIGHT FOOD CORNER, H.NO 20 ASHOK PATH DOWN BABA LOKNATH PATH BHATIA BASTI",Menu/499377.json
240,390901,Delhi Darbar (Sakchi ),Adityapur,3.7,100+ ratings,₹ 200,"Chinese,Biryani",21121254000212,https://www.swiggy.com/restaurants/delhi-darbar-sakchi-sakchi-jamshedpur-390901,"Delhi Darbar (Sakchi ), 1 , GROUND FLOOR , SARKAR BUILDING,  OLD PURULIA RD, SAKCHI, Sakchi,  Muncipality, Purbi Singhbhum, Jharkhand  - 831001",Menu/390901.json
241,127306,Shyam Store,Adityapur,--,Too Few Ratings,₹ 250,"Indian,Chinese",license,https://www.swiggy.com/restaurants/shyam-store-bistupur-sonari-jamshedpur-127306,"Shyam Store, BANGLA NO.17 BACK SIDE CH AREA , NEAR SBI BNK XLRI, BISTUPUR",Menu/127306.json
242,111386,The Hungry Bird,Adityapur,3.9,500+ ratings,₹ 300,"North Indian,Chinese",21120253000117,https://www.swiggy.com/restaurants/the-hungry-bird-bistupur-sonari-jamshedpur-111386,"The Hungry Bird, 6, Infront of astha cottage, uliyan, sonari, Jamshedpur",Menu/111386.json
243,308169,FOODILICIOUS,Adityapur,--,Too Few Ratings,₹ 400,Indian,21120254000115,https://www.swiggy.com/restaurants/foodilicious-sonari-jamshedpur-308169,"FOODILICIOUS, HOUSE NO 2  BAJRANG PATH ULIYAN KADMA JAMSHEDPUR Muncipality Purbi Singhbhum Jharkhand 831005",Menu/308169.json
244,537808,The Kannelite,Adityapur,--,Too Few Ratings,₹ 599,"Indian,Snacks",11121028000039,https://www.swiggy.com/restaurants/the-kannelite-sakchi-jamshedpur-537808,"The Kannelite, PLOT NO 2002, WARD NO 07, SAKCHI MAIN  ROAD BESIDE POLICE STATION,  Dhalbhumgarh, Purbi Singhbhum,  Jharkhand-831001",Menu/537808.json
245,433648,Manohar Chat,Adityapur,4.1,100+ ratings,₹ 150,"Chinese,Chaat",11121006000111,https://www.swiggy.com/restaurants/manohar-chat-sakchi-jamshedpur-433648,"Manohar Chat, Handi Line, Sakchi Market, Purbi Singhbhum, Sakchi, Jamshedpur",Menu/433648.json
246,115931,Dosa Hut,Adityapur,4.0,100+ ratings,₹ 200,"South Indian,Chinese",21119060000309,https://www.swiggy.com/restaurants/dosa-hut-sakchi-jamshedpur-115931,"Dosa Hut, 101, Alison's Apartment Aambagan, Sakchi, Jamshedpur",Menu/115931.json
247,579047,Cook'S Corner,Adityapur,--,Too Few Ratings,₹ 200,"Chinese,Indian",21121053000197,https://www.swiggy.com/restaurants/cooks-corner-telco-jamshedpur-579047,"Cook'S Corner, Singh Complex Balajee Nagar Govindpur Chota Govindpur",Menu/579047.json
248,174464,Chicago Pizza,Adityapur,3.1,100+ ratings,₹ 299,"Pizzas,Pastas",license,https://www.swiggy.com/restaurants/chicago-pizza-jhanda-chowk-jamshedpur-174464,"Chicago Pizza, 1ST FLOOR,HOLDING NO 39, OPPOSITE BASANT CINEMA, SAKCHI JAMSHEDPUR",Menu/174464.json
249,163435,New Chappan Bhog - Sakchi,Adityapur,4.3,100+ ratings,₹ 200,"Sweets,Snacks",license,https://www.swiggy.com/restaurants/new-chappan-bhog-sakchi-sakchi-jamshedpur-163435,"New Chappan Bhog - Sakchi, KALIMATI ROAD, OPP. SAKCHI GURUDWARA",Menu/163435.json
250,417015,Laziz Pizza,Adityapur,3.9,100+ ratings,₹ 300,"Pizzas,Beverages",21121254000274,https://www.swiggy.com/restaurants/laziz-pizza-sakchi-jamshedpur-417015,"Laziz Pizza, JAYANT BUILDING, H.NO-2, S.N.P AREA,  SAKCHI, Sakchi, Muncipality, Purbi  Singhbhum, Jharkhand - 831001",Menu/417015.json