user_id,name,email,password,Age,Gender,Marital Status,Occupation,Monthly Income,Educational Qualifications,Family size
0,1,Claire Ferguson,fordanthony@example.net,NKz0fWDh!5,20,Female,Single,Student,No Income,Post Graduate,4
1,2,Jennifer Young,ann96@example.com,+i5Q91jt!s,24,Female,Single,Student,Below Rs.10000,Graduate,3
2,3,Jermaine Roberson,uwalker@example.org,eO4GqGusF(,22,Male,Single,Student,Below Rs.10000,Post Graduate,3
3,4,Rachel Carpenter,kimberlypatterson@example.net,d^c7O6odaS,22,Female,Single,Student,No Income,Graduate,6
4,5,Shawn Parker,daniellebennett@example.com,8J#E5RMl1o,22,Male,Single,Student,Below Rs.10000,Post Graduate,4
5,6,Timothy Clark,brettsantana@example.com,qOJ0NA0Y$4,27,Female,Married,Employee,More than 50000,Post Graduate,2
6,7,Alexander Lucas,susan58@example.org,(^+21Yv3Uv,22,Male,Single,Student,No Income,Graduate,3
7,8,Christopher Curry,brookesmith@example.net,^+5fP5zm(L,24,Female,Single,Student,No Income,Post Graduate,3
8,9,Daniel Mercado,imyers@example.com,e$DJ2tRoJ#,23,Female,Single,Student,No Income,Post Graduate,2
9,10,Tony Lawrence,lwelch@example.com,&3emIjZp#O,23,Female,Single,Student,No Income,Post Graduate,4
10,11,Scott Sherman,brianbaird@example.com,0hJuTqHk!8,22,Female,Single,Student,No Income,Post Graduate,5
11,12,Michael Gilbert,wendycollins@example.com,oF1Yyh4c@I,23,Male,Single,Student,Below Rs.10000,Post Graduate,2
12,13,Alex Cortez,jennifer67@example.net,*4XZKtvjio,23,Male,Single,Student,No Income,Post Graduate,5
13,14,Micheal King,william41@example.org,_QcC+7Zxwb,21,Male,Single,Student,No Income,Graduate,4
14,15,Daniel Lopez,marygarcia@example.com,0gXIoziG(&,23,Female,Single,Self Employeed,10001 to 25000,Post Graduate,5
15,16,Carla Frye,tamara97@example.net,&k8F)KwfJi,24,Female,Single,Student,No Income,Post Graduate,6
16,17,Theresa Murphy,chelseajordan@example.com,%GHX31qYx1,28,Female,Single,Employee,25001 to 50000,Post Graduate,2
17,18,Antonio Brown,meyernicole@example.net,#Q1mKckgKr,23,Female,Single,Student,No Income,Graduate,3
18,19,Kyle Hall,laurie00@example.org,lc8B7!uR&*,25,Male,Single,Student,No Income,Graduate,4
19,20,Adrienne Davidson,phillipskevin@example.org,^7NF^tugE3,21,Female,Single,Student,Below Rs.10000,Post Graduate,1
20,21,Chris Gonzalez,wmeyers@example.net,yEa5GD1g(^,24,Male,Single,Student,No Income,Post Graduate,3
21,22,Patrick Ibarra,melissahopkins@example.org,k%4V1THhbU,22,Male,Single,Student,No Income,Post Graduate,4
22,23,Christopher Smith,michael28@example.net,o)9CQc&Mg),22,Female,Single,Student,No Income,Graduate,4
23,24,Willie Glass,hlewis@example.org,b)4JTwi)+a,23,Male,Single,Student,No Income,Graduate,4
24,25,Danielle Soto,matthew70@example.com,2S(&zgEG#x,21,Male,Single,Student,Below Rs.10000,Post Graduate,3
25,26,Matthew Carter,rubiotara@example.net,UK57Q%pg@$,25,Male,Single,Student,No Income,Post Graduate,3
26,27,Mr. Jeffrey Smith,sherispears@example.net,j86Jz5Rcq+,22,Female,Single,Student,No Income,Post Graduate,5
27,28,Terri Lawson,arnoldkristina@example.net,U)40TYnn1!,22,Male,Single,Student,No Income,Post Graduate,3
28,29,Danielle Rasmussen,uandrews@example.com,a(s8S7PiP*,23,Female,Single,Employee,10001 to 25000,Graduate,3
29,30,Brady Ramirez,thomasmichelle@example.net,)9&A6jT^lE,22,Male,Single,Student,Below Rs.10000,Post Graduate,4
30,31,Randall Ross,briansharp@example.org,y3+KbCmV^7,22,Female,Single,Employee,10001 to 25000,Graduate,5
31,32,Thomas Hughes,kevincastaneda@example.org,Jnn5CmufU^,22,Male,Single,Student,No Income,Post Graduate,4
32,33,Erica Bradley,xlee@example.org,%_X#lE$Xf8,25,Male,Married,Employee,More than 50000,Ph.D,4
33,34,Kristin Carter,david33@example.org,Y&l*@2Yjnw,22,Female,Single,Student,10001 to 25000,Post Graduate,5
34,35,Martin Barnes,clayton33@example.org,&_Enw_qK4a,22,Female,Single,Student,No Income,Post Graduate,2
35,36,Christopher Williams,warrenerin@example.com,12Y8Jn6z&7,25,Male,Single,Student,10001 to 25000,Post Graduate,3
36,37,Timothy Warner,allenwhite@example.net,Dim%0!Ld*j,25,Male,Single,Student,No Income,Post Graduate,5
37,38,Brandon Blankenship,kylestevens@example.org,v#0i@P5fsB,32,Female,Prefer not to say,House wife,No Income,Graduate,5
38,39,Taylor Mcdaniel,guerreromichael@example.org,@w3v8Qjy9%,23,Female,Single,Student,No Income,Post Graduate,3
39,40,Kimberly Shah,adam47@example.org,$G1gLMgcSP,23,Female,Single,Student,No Income,Post Graduate,4
40,41,Keith Sheppard,wlewis@example.com,)t2JyIgVzs,30,Male,Married,Self Employeed,More than 50000,Uneducated,4
41,42,Diana Mitchell,chudson@example.com,&i6U_L9iW2,23,Male,Single,Student,No Income,Graduate,3
42,43,Luke Evans,dana34@example.net,FD7HrcnX$C,23,Male,Single,Student,No Income,Post Graduate,4
43,44,Mallory Tucker,kevin99@example.org,++KeUKzi%1,22,Female,Single,Student,No Income,Post Graduate,5
44,45,Terrance Baker,dunnjohn@example.org,&J3U8NdL$m,22,Male,Single,Student,No Income,Graduate,5
45,46,Andrew Baker,donnajohnson@example.net,xn$%#Nix!1,27,Female,Married,Self Employeed,10001 to 25000,Post Graduate,2
46,47,Cynthia Gray,caleb03@example.net,Z*F9$QumI$,24,Female,Single,Student,No Income,Post Graduate,3
47,48,Daniel Martinez,tylersanders@example.com,cI%9Dg&vW!,23,Male,Single,Student,No Income,Post Graduate,2
48,49,William Collier,xjefferson@example.org,VU(1JjphV9,23,Female,Single,Student,No Income,Graduate,3
49,50,Anthony Vargas,mcbridemary@example.org,@0Rdfo5QzO,22,Female,Single,Student,10001 to 25000,Post Graduate,5
50,51,Sharon Bell,vsnyder@example.org,o+f*5JXt6g,23,Female,Single,Student,No Income,Graduate,5
51,52,Tina Lambert,williamsemily@example.com,^u71Mf2)oc,23,Female,Single,Student,No Income,Post Graduate,2
52,53,James Davenport,jonathan83@example.com,7sDz+E+$!8,24,Male,Single,Student,No Income,Post Graduate,3
53,54,Amy Williams,handerson@example.com,d$h645Agrd,25,Male,Single,Student,No Income,Post Graduate,2
54,55,Brian Brown,traceysoto@example.net,@7T2D%uK_Y,22,Male,Single,Student,No Income,Post Graduate,3
55,56,Dr. Christopher Buckley,dli@example.org,1+A*ArUe__,28,Female,Married,Student,No Income,Graduate,2
56,57,Elizabeth Mitchell,kari23@example.com,grs#8HzL$u,22,Female,Single,Student,No Income,Post Graduate,1
57,58,Sharon Scott,gloriaallen@example.net,n&R9ZyE3Z^,24,Female,Single,Student,No Income,Graduate,3
58,59,Kathy Yates,fnewman@example.org,ubDpQV@P*5,31,Male,Married,Employee,More than 50000,Ph.D,5
59,60,Bryce Morgan,silvajennifer@example.org,Gz4We&j6H%,25,Male,Single,Student,No Income,Post Graduate,4
60,61,Antonio Ponce,mcclureethan@example.org,^NiteWqTO8,23,Male,Single,Student,No Income,Post Graduate,5
61,62,Thomas Evans,frodriguez@example.org,csE^khAK*9,22,Male,Single,Student,No Income,Post Graduate,3
62,63,Jamie White,jessewalls@example.org,i$4()Zqi!j,23,Male,Single,Student,25001 to 50000,Post Graduate,1
63,64,Alexandria Weber,lwhite@example.org,x&7L$h1j$1,23,Male,Single,Student,No Income,Graduate,4
64,65,James Ruiz,murphytamara@example.org,*r8(iJfc+6,23,Female,Single,Student,No Income,Post Graduate,2
65,66,Louis Lee,elliottsarah@example.org,l!1nTYe6e_,25,Male,Single,Student,No Income,Post Graduate,6
66,67,Erin Torres,kevin73@example.org,!gG72Aer$+,24,Male,Single,Employee,10001 to 25000,Graduate,4
67,68,Roger Johnson,diaztara@example.net,^d)8L72kzK,23,Female,Single,Student,No Income,Post Graduate,4
68,69,James Powers,bridgetriggs@example.net,cmv8Vzgd2^,23,Female,Single,Student,No Income,Post Graduate,4
69,70,Sara Davis,belinda79@example.com,+anKyCPln1,24,Female,Married,Employee,More than 50000,Ph.D,4
70,71,Hunter Wood,jill51@example.org,*S4FP%Ow+X,22,Male,Single,Student,No Income,Graduate,4
71,72,Michael Williams,jaime89@example.com,(k69VIrn^S,24,Female,Single,Student,10001 to 25000,Post Graduate,3
72,73,Brett Anderson,steven27@example.com,#BC))&UrX8,25,Female,Single,Student,No Income,Post Graduate,3
73,74,Stacey Cross,ahines@example.net,8)1lKap9_P,23,Male,Single,Student,No Income,Post Graduate,2
74,75,Curtis Thomas,shepardcurtis@example.com,!pGqkl#!5w,26,Male,Single,Student,No Income,Post Graduate,4
75,76,Carrie Evans,fschwartz@example.com,jqX5^2Ax#S,24,Female,Single,Student,25001 to 50000,Post Graduate,3
76,77,Jason Macias,nathanmcguire@example.com,#2DPqx&MrR,26,Male,Single,Student,No Income,Post Graduate,4
77,78,Ronald Ramirez,christian06@example.org,$EUhn(Aqn8,21,Male,Single,Student,No Income,Graduate,4
78,79,Mark Carter,bmontes@example.org,43D)dCPl)z,22,Female,Single,Student,No Income,Post Graduate,3
79,80,Tracy Haynes,allisonmelissa@example.net,x4d@4DXkJG,24,Male,Single,Student,No Income,Post Graduate,5
80,81,Mary Williams,matthew13@example.com,1PQILi7A^m,24,Male,Single,Student,10001 to 25000,Post Graduate,4
81,82,Billy Brewer,sdavis@example.org,pua2GLbKy$,23,Female,Single,Student,No Income,Post Graduate,3
82,83,Rachel Pearson,ochoakendra@example.com,N^miz&Lci0,23,Male,Single,Student,No Income,Post Graduate,3
83,84,Vanessa Ortiz,mary81@example.net,v37SZc*%)L,22,Male,Single,Student,No Income,Post Graduate,3
84,85,Austin Barr,timothykhan@example.com,767ATFqV+5,23,Male,Single,Student,No Income,Post Graduate,3
85,86,Dustin Morrison,victorsanford@example.com,2LXC+XKa$8,24,Female,Single,Student,No Income,Post Graduate,4
86,87,Kimberly Lowery,lisa46@example.com,r6PFIu@F%2,24,Male,Single,Student,No Income,Post Graduate,5
87,88,Dylan Black,scottbelinda@example.com,eU3MfzrA!y,25,Male,Single,Student,No Income,Graduate,1
88,89,Jessica Gomez,gina85@example.org,JRKK1sca+2,25,Male,Single,Student,No Income,Post Graduate,5
89,90,Daniel Russell,bonillapatricia@example.com,f(b9Dp7ZZt,28,Male,Married,Self Employeed,10001 to 25000,Graduate,2
90,91,Amy Kennedy,reeddaniel@example.net,&5_Re0NOMh,27,Female,Prefer not to say,Employee,25001 to 50000,Post Graduate,5
91,92,Jeffrey Lawrence,marissa45@example.net,&7XnHc#c%l,26,Male,Single,Self Employeed,10001 to 25000,Ph.D,1
92,93,Gabriella Johnson,melissa97@example.org,%5zFFg7XGX,22,Male,Single,Student,No Income,Post Graduate,2
93,94,Makayla Curtis,danielvasquez@example.com,H*0tlZgq^e,24,Female,Single,Student,No Income,Post Graduate,3
94,95,Scott Smith,vargascraig@example.com,$yRsO#jX9D,23,Male,Single,Student,No Income,Post Graduate,1
95,96,Laura Marks,hudsondiana@example.com,vhr4JVZz&^,25,Male,Single,Student,No Income,Graduate,1
96,97,Charles Phillips,steven84@example.net,Z8^RhyZ$&6,23,Female,Single,Student,No Income,Graduate,5
97,98,Karen Rivera,hruiz@example.com,8@3@Q5v__a,23,Female,Single,Student,No Income,Graduate,5
98,99,Brian Kennedy,marcdavis@example.org,a1#x0Yu5_y,26,Male,Married,Employee,25001 to 50000,Graduate,5
99,100,Courtney Lucas,oguerrero@example.org,N^6U_eCS_G,32,Female,Married,House wife,No Income,Uneducated,3
100,101,Howard White,evance@example.org,)q8QUcWHd4,24,Female,Single,Student,10001 to 25000,Post Graduate,3
101,102,Spencer Martin,stanleynicholas@example.net,^56gGIqZBU,23,Male,Single,Student,No Income,Post Graduate,2
102,103,Lauren Swanson,schristian@example.net,(4TqN+xIH1,22,Female,Single,Employee,10001 to 25000,Graduate,3
103,104,Katelyn Davis,olong@example.com,O)3dtDRD*d,24,Female,Single,Student,No Income,Ph.D,3
104,105,Tara Sullivan,wanderson@example.net,PU4EU2p1#!,26,Male,Single,Employee,25001 to 50000,Graduate,2
105,106,Abigail Hancock,glennhudson@example.net,w$4KePsttz,28,Male,Married,Employee,More than 50000,Graduate,3
106,107,Rachel Cole,andre68@example.org,B(1B#AJmz%,26,Male,Single,Employee,More than 50000,Post Graduate,2
107,108,Sara Haley,juliemitchell@example.org,3Au5fjOuw&,25,Male,Single,Student,No Income,Post Graduate,1
108,109,Sandra Kelly,yangpeter@example.net,2t7lyEFs&j,25,Male,Single,Employee,Below Rs.10000,Graduate,2
109,110,Robert Smith,hphillips@example.org,iK(O6VQeM),18,Male,Single,Student,No Income,Graduate,5
110,111,Rachael King,douglas46@example.net,4t#5OucA$B,21,Male,Single,Student,No Income,Post Graduate,4
111,112,Lisa Shelton,sandersrichard@example.org,*vEKw1hUU0,25,Male,Single,Student,No Income,Post Graduate,1
112,113,Jason Torres,chelseacampbell@example.com,Y!5N)t6yT$,25,Male,Single,Student,Below Rs.10000,Post Graduate,2
113,114,Christopher Ellison,yjackson@example.net,@6P7u1CfIX,23,Female,Single,Student,No Income,Graduate,5
114,115,Tiffany Sanders,qlong@example.org,@+aM8UUijB,23,Male,Single,Employee,10001 to 25000,Post Graduate,2
115,116,Michele Sparks,dblake@example.org,S!8YMvI4%4,25,Female,Married,Employee,25001 to 50000,Graduate,4
116,117,Daniel Dunlap,brianayala@example.com,ggA0V4La6),31,Female,Married,House wife,No Income,School,5
117,118,Christopher Lawrence,jfreeman@example.org,(nBK(DJR58,24,Male,Prefer not to say,Self Employeed,More than 50000,Ph.D,2
118,119,Yvonne Jefferson,kaitlinconway@example.net,un8C%qtvq#,32,Female,Married,Employee,25001 to 50000,Graduate,5
119,120,Christine Green,wlowe@example.com,nN%8D!RvF+,25,Male,Single,Employee,25001 to 50000,Graduate,3
120,121,Todd Williams,kathryn65@example.org,n53DA4rHh%,27,Female,Married,Self Employeed,More than 50000,Graduate,5
121,122,Sabrina Skinner,morrisonbrian@example.org,2ItZ1XEa_R,26,Male,Single,Self Employeed,25001 to 50000,Graduate,3
122,123,Gabriel Gonzalez,danielleboone@example.net,i)+2IpzVEn,26,Female,Single,Self Employeed,25001 to 50000,Post Graduate,3
123,124,Jake Smith,fphillips@example.net,G5kOyrxl*q,32,Male,Married,Employee,More than 50000,Ph.D,5
124,125,Tyler Mcgee,dawn84@example.org,n!wm4@pcVI,24,Male,Married,Self Employeed,More than 50000,Ph.D,6
125,126,Leslie Williams,megan78@example.com,D&9897ZZSo,27,Female,Married,Self Employeed,25001 to 50000,Graduate,3
126,127,Jessica Proctor,kathryn22@example.net,VA6Ggz9v2&,23,Male,Single,Student,No Income,Post Graduate,3
127,128,Isaiah Johnson,ashley66@example.org,(n2V@$fa%i,25,Male,Single,Student,No Income,Post Graduate,4
128,129,Vanessa Ortega,andreablevins@example.com,@0UvcU@Gg2,23,Male,Single,Student,No Income,Post Graduate,3
129,130,Sara Sandoval,brobles@example.net,)HJw!smD02,23,Female,Single,Student,No Income,Post Graduate,4
130,131,Vincent Beck,price@example.net,2P9Asqu(*P,28,Male,Married,Employee,More than 50000,Post Graduate,3
131,132,Angela Fletcher,ygraves@example.net,(T&R12Dr6H,32,Female,Married,Employee,More than 50000,Graduate,1
132,133,Tyler Hodges,phillipcalhoun@example.net,idM4N@1l+K,23,Male,Single,Student,No Income,Post Graduate,2
133,134,Randall Mendez,juanporter@example.net,m7v!t5Cz3f,19,Male,Single,Student,No Income,Graduate,2
134,135,Mr. Alex Brown,victoria05@example.org,yqz0TNZ0d&,19,Female,Single,Student,No Income,Graduate,4
135,136,Alejandra Hansen,randallbailey@example.org,&(Niu*)Z*7,27,Female,Married,Employee,25001 to 50000,Post Graduate,2
136,137,Joseph Davis,krodriguez@example.com,!2IgnYPxQ2,25,Male,Single,Self Employeed,25001 to 50000,Graduate,3
137,138,Brandon Pope,ashlee21@example.net,#8mCYYzOCP,33,Male,Married,Employee,More than 50000,Ph.D,5
138,139,Zachary Martin,edward52@example.org,41QQRYU0!t,26,Female,Single,Employee,More than 50000,Graduate,3
139,140,Sean Parker,cgarcia@example.org,k@v53VKzhk,22,Female,Single,Student,Below Rs.10000,Post Graduate,4
140,141,Frederick Serrano,donnaroberson@example.org,5%9QC4BbPu,23,Male,Single,Student,No Income,Post Graduate,3
141,142,Robert Marshall,jesus69@example.org,PY#4Pxcv3!,22,Female,Single,Student,No Income,Graduate,3
142,143,Donald Gould,mollyrodriguez@example.com,k^m4gTKDYt,25,Male,Married,Employee,25001 to 50000,Graduate,2
143,144,Peter Williams,amarks@example.org,$ZYhx+lal3,30,Female,Married,House wife,No Income,School,5
144,145,Eduardo Hernandez,greenjoanna@example.org,)N63UNdRqh,24,Male,Single,Student,No Income,Post Graduate,3
145,146,Lindsey King,xwyatt@example.org,4a#0TPkJ@t,25,Male,Single,Employee,10001 to 25000,Post Graduate,3
146,147,Gabrielle Hudson,connie91@example.com,r8PJ+T*o!f,23,Male,Single,Student,More than 50000,Post Graduate,3
147,148,Dale Warren,lstone@example.com,my5nMfLy_2,24,Female,Single,Student,No Income,Post Graduate,4
148,149,Michelle Poole,ann95@example.com,+D79C^kkpo,32,Male,Married,Employee,10001 to 25000,Graduate,4
149,150,Steven Ortiz,jamesodom@example.net,#2KROPDiUc,22,Male,Single,Student,No Income,Post Graduate,4
150,151,Cynthia Bautista,moorecollin@example.org,x*6NRClDJ3,23,Male,Single,Student,More than 50000,Post Graduate,3
151,152,Adam Schmidt,nglenn@example.net,Sr2WExet^M,23,Female,Single,Student,No Income,Post Graduate,4
152,153,Andrea Peterson,stephen75@example.net,)yRnMIbxO4,20,Male,Single,Student,No Income,Graduate,2
153,154,Amy Williams DVM,isanchez@example.com,#bXJMXsvT3,21,Male,Single,Student,No Income,Graduate,2
154,155,David Robinson,lhawkins@example.net,@KS3FOMHj8,24,Female,Married,Self Employeed,10001 to 25000,Graduate,5
155,156,Herbert Figueroa,ruizdavid@example.net,_DWqye5(q0,23,Female,Single,Student,No Income,Post Graduate,4
156,157,David Edwards,davidcooper@example.com,&+9Ea60Tt+,25,Male,Single,Employee,25001 to 50000,Post Graduate,3
157,158,Stacey Guerra,collinsdiane@example.org,DH8l^Nfj_n,32,Female,Married,House wife,No Income,Graduate,3
158,159,Kari Smith,glennmiller@example.org,ya3gQi25R*,27,Male,Married,Employee,More than 50000,Ph.D,5
159,160,Luke Ryan,steven80@example.org,$4DD^Jp&co,20,Female,Single,Student,No Income,Graduate,2
160,161,Lawrence Khan,shanehernandez@example.net,XkA16BIfo$,21,Male,Single,Student,No Income,Graduate,2
161,162,Mary Gutierrez,wadeedward@example.org,(AXJMouh8Y,26,Male,Single,Employee,More than 50000,Post Graduate,3
162,163,Deborah Huff,coxjohn@example.net,OS#45DFtWG,25,Male,Single,Employee,10001 to 25000,Graduate,4
163,164,Jacob Adams,courtneyramirez@example.org,R8(*+Ecs*0,26,Male,Single,Employee,25001 to 50000,Post Graduate,3
164,165,Cassandra Mendoza,haynessophia@example.net,7%Cm2Rtxlm,26,Female,Married,Employee,25001 to 50000,Graduate,3
165,166,Antonio Alvarez,lmartinez@example.org,&OW!9AXg7(,27,Male,Single,Employee,More than 50000,Ph.D,4
166,167,Vicki Black,joy46@example.org,VSqP@pyc$8,27,Female,Single,Student,No Income,Ph.D,5
167,168,Tyler Bell,jacobsonpamela@example.com,9++J8XUkwK,24,Female,Single,Student,No Income,Post Graduate,5
168,169,Marcus Cox,jay29@example.com,+1R0kvpCP4,25,Male,Married,Self Employeed,More than 50000,School,2
169,170,Joshua Armstrong,kadams@example.net,^6yMLsp(t^,20,Male,Single,Student,No Income,Graduate,2
170,171,Aaron White,hdalton@example.net,qodVLXHD^7,22,Male,Single,Student,No Income,Post Graduate,1
171,172,Ryan Christensen DVM,cynthiarivas@example.net,!4EucTBnjJ,26,Female,Married,Student,Below Rs.10000,Ph.D,3
172,173,Heather Wilson,antonio97@example.net,yg6kgVHi@!,27,Male,Prefer not to say,Employee,25001 to 50000,Post Graduate,1
173,174,Cassandra Bryan,atkinsdanielle@example.org,2DGgGe4@$l,25,Female,Single,Student,No Income,Post Graduate,3
174,175,Jacob Smith,cody52@example.com,*9L7s!8uZX,24,Male,Single,Employee,Below Rs.10000,Graduate,2
175,176,Adrian Harris,elizabethlloyd@example.org,0o^7+5Vz2^,23,Female,Single,Employee,10001 to 25000,Graduate,6
176,177,Lance Kelley,anthonycox@example.org,*#ls6DaKrN,22,Male,Single,Student,No Income,Graduate,2
177,178,Veronica Miller,ecastillo@example.com,(b6XRHpfG1,26,Male,Married,Self Employeed,More than 50000,Post Graduate,3
178,179,David Harvey,littlekimberly@example.com,9%8XH^sfJt,26,Male,Single,Employee,Below Rs.10000,Post Graduate,1
179,180,Sarah Schaefer,kwolf@example.com,m*9(9Dg7qD,25,Female,Married,Self Employeed,25001 to 50000,Post Graduate,3
180,181,Cassie Collins,sheliacarter@example.org,Og!S7JQmFB,29,Female,Married,Employee,More than 50000,Graduate,3
181,182,Eric Cox,lmurphy@example.org,xtOw99Z@5),23,Male,Single,Student,Below Rs.10000,Graduate,3
182,183,Heidi Hernandez,smithkeith@example.com,yCu)5kEaas,22,Female,Single,Employee,25001 to 50000,Graduate,4
183,184,Eric Kim,gloria80@example.org,zQWeoatO@1,22,Male,Single,Student,No Income,Graduate,2
184,185,Charles Thomas,jeremy10@example.com,&)sY6vmn$6,32,Female,Married,House wife,No Income,School,5
185,186,Joseph Stevens,scott97@example.com,&d*S7upm0C,28,Male,Married,Employee,More than 50000,Post Graduate,1
186,187,Robert Porter,lindsay75@example.net,@5D5PUznfi,22,Male,Single,Student,No Income,Post Graduate,2
187,188,Alexandra Cox,robert47@example.org,56LYo%m%(5,25,Male,Single,Employee,10001 to 25000,Graduate,2
188,189,Billy Ayala,rcurry@example.net,f8(xV*!n_M,26,Female,Married,Employee,25001 to 50000,Post Graduate,2
189,190,Dr. Nathaniel Sanchez,careykyle@example.org,fov_9SzIYH,31,Male,Married,Self Employeed,More than 50000,School,6
190,191,Melissa York,josephcoffey@example.org,*u$^PQgXl9,24,Male,Single,Student,No Income,Post Graduate,3
191,192,Devon Gonzales,mary42@example.net,Mr8AnEob)1,24,Male,Single,Employee,25001 to 50000,Post Graduate,2
192,193,Erik Richard,yvettefranklin@example.com,S6Fg@Kcj+4,31,Female,Married,Employee,More than 50000,Ph.D,5
193,194,David Bauer,courtneystark@example.org,kmSB$(x#%2,26,Male,Single,Employee,25001 to 50000,Graduate,2
194,195,Amy Wright,nkelly@example.net,98INN(k7*&,24,Female,Married,Self Employeed,More than 50000,Graduate,2
195,196,Jeffrey Jennings,rioscharles@example.org,6NuJ6sRb*L,22,Female,Single,Student,No Income,Graduate,3
196,197,Mr. Keith Wheeler Jr.,jonescharles@example.org,Eh9Qi089%),19,Male,Single,Student,No Income,Graduate,6
197,198,Sherry Page MD,glorialang@example.org,6PBMA#Pq&1,25,Male,Married,Employee,More than 50000,Post Graduate,6
198,199,Nicole Campos,pkelly@example.org,#*71Qpgl5P,23,Female,Married,House wife,No Income,School,6
199,200,John King,natashataylor@example.net,x6Y68B!h!*,23,Female,Single,Student,No Income,Graduate,2
200,201,Derek Smith,jasmine75@example.com,T00RpvxA*x,23,Male,Single,Student,No Income,Post Graduate,2
201,202,Donald Morales,riggsjennifer@example.net,OudY0G0t9^,24,Male,Single,Student,No Income,Post Graduate,5
202,203,Charles Salinas,ilong@example.com,)SYL9u%%f8,22,Female,Single,Employee,25001 to 50000,Graduate,4
203,204,Lisa Logan,chavezeduardo@example.net,o4+N1uOw!6,26,Male,Married,Employee,More than 50000,Graduate,4
204,205,Breanna Cruz,jennifer15@example.org,)DJu&5@id@,25,Female,Single,Student,No Income,Ph.D,3
205,206,Jennifer Gilmore,willie62@example.net,+lSFi$gE1A,20,Male,Single,Student,No Income,Graduate,2
206,207,Gregory Rodriguez,sarahvasquez@example.org,O8IRdy@V$M,29,Male,Married,Employee,25001 to 50000,Graduate,4
207,208,Taylor Chapman,oaguirre@example.com,*6lCLwWvli,23,Female,Single,Student,No Income,Graduate,1
208,209,Nichole Burnett,coopertimothy@example.org,KN*^6qMgP0,25,Male,Single,Self Employeed,More than 50000,Graduate,2
209,210,Antonio Silva,qcruz@example.org,$*b2G8fixa,29,Female,Married,Employee,25001 to 50000,Graduate,4
210,211,Amanda Dunn,umeza@example.com,kpBQ5XbWx),27,Male,Married,Self Employeed,25001 to 50000,Graduate,6
211,212,Daniel Burns,burgesspaula@example.net,L4Iz7MiV%j,25,Male,Single,Self Employeed,10001 to 25000,Graduate,3
212,213,Crystal Jones,nicholegarcia@example.net,dM42!hvl!_,21,Male,Single,Student,No Income,Graduate,2
213,214,Sierra Reilly,kvillanueva@example.org,U*3ENI9fj!,23,Male,Single,Student,No Income,Graduate,3
214,215,Elizabeth Lee,franklinjames@example.net,)LRKoekX4K,24,Female,Single,Employee,10001 to 25000,Post Graduate,4
215,216,Jason Flores,edwardcisneros@example.net,&#11PTj&ir,32,Male,Married,Self Employeed,10001 to 25000,School,3
216,217,Dennis Thompson,qjones@example.net,m^2EUjSd%Z,28,Male,Married,Employee,25001 to 50000,Post Graduate,5
217,218,William Wheeler,megan32@example.org,!3XYsth3aP,26,Male,Single,Employee,10001 to 25000,Graduate,2
218,219,Henry Kim,haynesclayton@example.net,C*(#6EYk@9,31,Female,Married,House wife,No Income,Graduate,5
219,220,Mark Smith,victorortega@example.net,Bv+t%6ThLA,27,Female,Married,Self Employeed,25001 to 50000,Graduate,3
220,221,Amber Oneal,kevinwallace@example.net,^V0k*T+tuF,21,Female,Single,Student,No Income,Post Graduate,1
221,222,Bradley Clark,bruce62@example.com,oIMe0KVq(L,23,Female,Single,Student,No Income,Graduate,2
222,223,Zoe Clark,davidgonzalez@example.com,)cFguiWc(8,26,Male,Married,Employee,10001 to 25000,Graduate,4
223,224,Vincent Chan,robert56@example.net,)R6NenyvTO,32,Male,Married,Employee,More than 50000,Graduate,5
224,225,Kenneth Wu,garzaolivia@example.net,^3yPn&yfO5,25,Female,Married,Student,No Income,Post Graduate,2
225,226,Michael Ingram,suzannecarter@example.com,d7$WQ$7d%3,28,Male,Single,Self Employeed,10001 to 25000,Post Graduate,2
226,227,Autumn Bryant,vpoole@example.com,)@8ZEWZIna,21,Female,Single,Student,No Income,Post Graduate,3
227,228,Samantha Mitchell,iandixon@example.net,&81OOd@Yns,24,Male,Single,Student,No Income,Post Graduate,2
228,229,Kelly Nash,timothy05@example.org,Ty15EqM*F&,26,Female,Married,Self Employeed,10001 to 25000,Graduate,5
229,230,John Haney,bobby55@example.com,I8IrWiOM#t,32,Male,Married,Employee,25001 to 50000,Graduate,3
230,231,Sarah Berg,frazierdaniel@example.net,d@g1n#Vjtz,29,Male,Single,Self Employeed,More than 50000,Graduate,6
231,232,Shawn Mooney,williamsmichael@example.net,56HGHgky_8,21,Male,Single,Student,No Income,Graduate,5
232,233,Kevin Myers,robertgarcia@example.com,0e5bNeWho!,24,Female,Single,Self Employeed,25001 to 50000,Post Graduate,3
233,234,Allen Smith,devans@example.com,_7*19xqd^X,26,Male,Prefer not to say,Self Employeed,More than 50000,Post Graduate,2
234,235,Patricia Hanson,christine25@example.net,Qws)2OhMSm,25,Male,Married,Employee,More than 50000,Ph.D,3
235,236,Melissa Fisher,stevenmartin@example.com,n_7OQmFXu%,29,Male,Single,Employee,25001 to 50000,Graduate,3
236,237,Jennifer Bell,jameszimmerman@example.net,#8XvzyQOuL,22,Male,Single,Student,No Income,Graduate,3
237,238,Howard Pratt,thompsonmegan@example.com,YUe6HSXa&G,24,Male,Single,Student,No Income,Graduate,2
238,239,Colleen Walker,josephfuller@example.org,DWYe1R1u(q,27,Male,Married,Employee,25001 to 50000,Graduate,2
239,240,Wendy Valdez,charlesgonzalez@example.com,I7dmBzNh(0,23,Female,Single,Student,No Income,Post Graduate,3
240,241,Katie Dominguez,gonzalescharles@example.net,U!h3JQjnE7,32,Male,Married,Employee,More than 50000,Post Graduate,6
241,242,Travis Ellis,baileychad@example.net,@rC1GEhtw),22,Female,Single,Student,No Income,Graduate,2
242,243,Claire Berg,ftapia@example.com,Bk8)3QGc#c,28,Male,Married,Employee,25001 to 50000,Graduate,3
243,244,Levi Webster,ibrown@example.com,5_Z)HnxI&o,23,Female,Single,Student,No Income,Post Graduate,2
244,245,Audrey Adams,hhall@example.net,7#MAilnu)5,30,Male,Married,Self Employeed,More than 50000,Graduate,1
245,246,Pamela Morgan,russellsaunders@example.net,^xq#QHylO5,21,Male,Single,Student,No Income,Graduate,3
246,247,Timothy Nguyen,greg64@example.com,vm87JVhvM*,26,Female,Married,Employee,Below Rs.10000,Graduate,6
247,248,Kathleen Jones,rhahn@example.com,%(rpHyAQ@3,25,Male,Single,Self Employeed,More than 50000,School,3
248,249,Susan Jensen,danieledwards@example.net,9EcL!s#G)8,31,Male,Prefer not to say,Employee,Below Rs.10000,Graduate,1
249,250,Kristopher Johnson,moraleschristopher@example.com,j+86KI*qns,23,Female,Single,Employee,25001 to 50000,Post Graduate,2
250,251,Eric Ford,paul68@example.net,Sv61@6Ki&K,29,Female,Married,Employee,25001 to 50000,Ph.D,3